x1,x2,x3,y
-0.9966598560307687,-0.9301892143034114,-0.11061552890723836,6.161999326717703
0.017376861127553545,-0.04503615849845577,-0.03699023264969403,0.4598562526967639
0.5385875172675001,-1.0,0.7204365164156878,-2.549627407745529
-0.6154379935071941,0.4682296748852126,0.3603605837151367,-1.5359695503850999
0.16637566821577,1.0,-1.0,5.390633714712267
-0.23674693188486962,-0.385343233039777,-0.5868698040871807,0.6075949385919077
0.10442652786034334,0.1405719115758446,0.547355056115209,1.2180748755801831
0.24713264809528468,0.4547489696112532,0.3767383539896314,0.24644620191412492
-0.9569883360099831,-0.5526534293937098,-1.0,5.202794616342059
-0.5160619167494218,-1.0,0.9149570762049615,-0.6294851852283316
-1.0,-1.0,-0.20364902274569285,6.4126266911500345
-0.1615047768027722,-0.11561318399191212,-0.45590703217771344,0.562672640214917
-0.4257374248692396,-1.0,-0.3465279084049382,2.613689052196238
-1.0,-0.26492482063196277,-0.30282415822553665,-2.9786245984431354
1.0,0.18707826526507487,-0.5849980342254899,5.440513757550932
0.35221684536087183,-0.14315358434698378,-1.0,-3.7583946821087575
0.2009564877621648,-0.14928618655703607,0.542073493569234,1.3524002374704116
0.38059577436336456,0.13847878562097504,-0.14387528708890174,1.726656914916393
-0.8850005308510374,-0.3167585612644159,0.9436524576615362,3.887752394651627
0.9612767430387257,0.8857091468441614,1.0,23.294456808680927
-0.5996753631196325,0.06756887988642779,1.0,1.0372569584045812
0.9965865358427304,-0.6285631459296781,1.0,3.1931745256479234
0.820206617556142,-0.5299270737407502,1.0,-0.825525564075257
0.2736196734738314,0.4464856454389645,-0.15861054051648438,0.385606269274247
-0.14716397671415593,1.0,1.0,14.387854216612594
-0.6455339735037,-0.657608437816845,0.6185419315709739,1.662687381005595
-0.537950150918006,-0.18198919863072693,0.18643070310588028,-0.1318729326586034
0.06500108081143474,-0.27262721470334994,0.23934668557079308,0.8151246496922828
0.7475081290430841,0.12621787095186798,0.35074667033027973,2.6625696984807252
1.0,0.35600922917752653,-0.8175180567171059,7.301793387078322
-0.09641980866099154,0.7514029527391048,-0.26472346052373386,0.17568116218700103
0.5327974698794096,-0.7668891880719237,-0.141432675843163,0.4204654380941283
-1.0,-0.8027310740926361,0.41914818058853665,6.228873552526965
1.0,-0.19686750031673594,-0.03291021545094308,4.178349181504426
1.0,0.3897173858201777,-0.10553615091731405,5.163916353119021
0.23934905961746944,1.0,0.3604459002538243,6.961347760092126
0.8668500541326334,-1.0,-0.13212774719960296,-4.414836444802156
-0.7532000306911015,-0.33158728162056095,-1.0,3.183615380997388
0.8059909514529042,-1.0,0.3777249162757834,-3.3093847540956416
-0.03102118768345341,-0.2888009136592955,-1.0,-3.7508501079048084
0.7020236383518599,-0.7181433930564296,-0.1670541431600574,1.0351088664871853
-0.17084693001359863,0.23520105018422566,-0.5755945840053582,-0.06813385803106242
-1.0,0.23596409536121055,0.5657990081986379,-4.224767860553618
1.0,1.0,1.0,25.886005896195947
-0.7426274928309395,-0.5266879311883406,0.9156808631438322,2.8770168467863817
-0.7079624622446214,-0.7867996145870968,0.47343889380584137,3.461323612466931
0.5541173728783042,0.23011693291058277,1.0,2.605849859169389
-0.564224282733109,0.8190423757873562,1.0,10.118351930580067
-0.15647549458475285,-1.0,-0.23887561186382666,2.3368717795313287
-0.6155164083172329,0.16435166681497804,-1.0,0.525837666575705
0.4325726394337235,0.07953201778245722,0.18070596125087457,0.8593649619163339
1.0,0.8495413407074495,-1.0,23.17134553147705
-0.41336818961630284,0.4001182500015297,0.3455656982602131,-0.9450063273829754
-0.4145180999686713,-1.0,-0.1858460566233857,3.1469125323555023
-0.10626633264597674,0.11957335393734803,0.5993750280217054,-0.2754408858074933
-0.14136209895932028,-0.9099534585335276,-1.0,-11.868879228776228
0.052033804472796374,1.0,0.39295102852073316,7.360390084549243
-0.9173385735782937,-1.0,-0.6256088425548385,3.574544568792183
1.0,0.5288019114116573,-0.23542712211139394,4.575027188189886
0.03700236740307772,0.8759039423972692,-0.15248590308417054,3.9381954722721
-0.14312270691950468,0.7356200830185387,1.0,6.849682277785575
0.36210724336601596,0.04163077490759082,-1.0,-3.342543758326592
-0.46522333504360547,-0.42317456612219995,-1.0,-2.63700798291705
0.6311709424612844,1.0,1.0,10.889744331338788
-0.5341499285545221,0.8568812450179337,0.46409164961991833,1.149203030374393
-0.9608172981551695,1.0,0.5058543908735382,2.103566215871488
-0.49082436856349543,-0.4989177525528816,0.13155021191111715,0.7370686357408092
0.42284682982894095,-0.7568257962518488,-0.734259044204969,-1.3718594119260028
0.28565880646156483,0.3413551138990141,-0.17333526192062765,1.1591800525669154
-0.5517511276798417,-0.9865540501870691,-0.8190420738991955,-4.0492078959184425
0.11150323768691761,-0.3776140977490323,0.6719964183352751,0.08825753342441234
0.31862431267519487,0.7615804141403018,0.41890048976426053,2.0657076686405684
-0.04400087897934468,0.9125979677886398,0.3105807099895974,4.433936592898246
-0.17712083621899088,0.12398191195600594,-0.9364639158104127,-2.193370709413365
0.26112672193039366,0.5420103947613408,-0.17548573216226515,0.4757077015557954
-1.0,0.08363139105905404,-0.22105198395014192,-3.7244073257707018
-0.7368283652094383,0.27022689085384366,0.17096722832108813,-2.632174327443091
0.9298297942450175,0.3063704975751498,0.16387611483590736,4.679520832615803
0.4597385275504762,-0.47926901569864433,1.0,-3.5070197752606735
1.0,0.3480634573167505,-1.0,11.387846515423083
-0.9560109185562102,-1.0,1.0,17.57091596017153
-0.09636764475810766,0.31434630178166745,0.3564772471936666,0.8925178670009948
1.0,0.681233895464028,0.24459285993592306,9.23575715416453
-0.41990267780350865,-1.0,-0.7193621635806577,-2.7954802743741496
0.2624404223133461,-1.0,-1.0,-19.26318967127034
-0.24488787972056247,-0.11168125856013145,0.07150482809843317,0.9948293621454185
-1.0,-0.4472675895959033,0.5052111362414649,-0.24070074198860764
1.0,-0.3658148815080342,-1.0,4.171073258047121
-0.16420788649314466,-0.2642867316849491,-0.589878510900057,0.6159506717094203
0.23242537269321994,-0.5952381747111772,-1.0,-7.80078132111238
0.7229267150663943,-1.0,0.742794630553665,-2.950804051143493
-0.08276273031885961,-1.0,1.0,-7.1438022538185875
1.0,-0.5555832990399214,0.28998595241045977,3.572092431846877
-0.23371080960555868,1.0,-0.061887587151082,7.833654671147716
0.12825502436720826,0.18849269164063442,-0.6172643608748878,0.2548609024629613
-0.7247579216048368,-1.0,-0.3565868093901987,4.363830606482614
1.0,0.9809084026463641,-0.12145400817235807,14.632734318842182
-0.8590829629127767,-0.20136794203163766,0.26427770289642094,-2.06426315568069
-0.12389696447196741,0.947368037652351,-0.18343007105535158,5.750967384537282
-0.27912952262048507,0.31838984609570375,0.9522149280027792,0.38628096690338865
-1.0,-0.7993185583657694,0.5113061048405678,6.809195977473496
-0.593986170339952,-0.7170637351177434,-1.0,-3.363431495877112
0.3750650137963045,-0.09128454820833531,-0.5674577132154954,1.43626644708337
-0.16236132829223493,-0.0896131588421396,0.631252446955447,-0.748993034937583
1.0,0.33728534202525373,0.2370982109071813,6.618028865577109
-0.3501110843916144,0.23766747449334003,1.0,1.5261220502343322
0.8663858143703724,-0.30585513102896345,-0.5410559996128954,2.1409042678526324
-1.0,-1.0,0.09518960346766558,8.194082250016313
-1.0,-0.9685567947077827,-0.45687282118166683,5.7643011099959125
0.46389026581171944,0.5050308662986009,0.3419530166458349,0.254208477169211
-0.5244186433506699,1.0,-0.11894513731767997,6.2154376898131884
-0.0208804295787115,0.443164720239565,0.522634597094602,-0.1628687685662018
-0.04266643402456971,0.792510194525295,0.3574443143207997,0.7432717539334184
1.0,0.4178785868627135,-0.06625240394816667,4.755805377310855
0.7074867863663259,0.8339099580254707,0.37413355741054466,3.6640286931576584
0.7446201321279651,-0.6214391239675845,-1.0,-8.296008367913348
-0.6232245644258261,-0.3439113767239279,-1.0,0.5002046207281834
0.23180640583176726,-0.3490458686074569,0.06847746055113269,0.5954707245747953
1.0,-0.6384539690978006,-1.0,-1.9341827213317635
-0.9262945156985387,0.9236792687850108,0.5485349204546375,-0.7460473999383038
0.6216826073867179,-1.0,0.11527081603577827,-0.9628588437279544
-0.328831684401524,0.32563587089746004,1.0,2.8328382807948875
0.14104209062627882,-0.6251638444299299,0.8790638204711014,-2.3161960638811054
-1.0,-0.13896291131328242,-0.11529609771759342,-4.3812847338558
-0.9067085397937524,-0.30585120150267087,0.1745984796270892,-1.46736948342124
-1.0,0.4937421570179119,-0.022375897174462756,-2.9020843351221637
0.658717906890268,0.25149614880162807,0.44208395251243204,2.244954795177225
-1.0,0.09356171351821607,1.0,3.03691291510175
-1.0,1.0,-0.1346881775951596,9.474199521634121
-0.10733741919615669,1.0,0.37694884246418137,8.242876379422738
0.4998401299084094,1.0,0.8522868796484022,9.300178150795011
0.6106609774044971,1.0,0.9162139008207988,9.950490902240606
-0.6366614698364288,0.28313993305526064,-0.3897324665764239,-1.2509652791681314
-0.7557334244554554,-0.01828228019935141,0.34615202986695937,-1.6434615803197432
0.2974673049974379,-0.05274148357083841,-0.3740922888822602,1.5182130101205398
0.723109758342888,-0.735228806290072,0.5446353875760845,0.734598056843384
-0.7687532439851992,-0.7382983444192164,0.9213629570150954,5.298922701636017
0.9908955912177555,-0.8118463306204564,0.7370079675768215,1.1009934519071491
1.0,0.715742015298158,-0.39814017787357536,6.4452673829872
0.6398057996577535,-1.0,-0.11030274506218363,-1.1696162608304441
-0.18944915553411845,-0.12743925845574755,1.0,0.4699054756635931
0.7653829404226244,-0.9098640948346488,0.6308304048457622,-0.9879095637464504
-1.0,-0.6656022194150717,0.4755266940675835,3.902931906670359
-1.0,-0.9013307201503609,0.4690295891761451,8.337941721353062
-1.0,-0.29838088668756724,1.0,6.307715494485679
-0.6405281793525914,0.13083338995917404,-0.2777261897853127,-0.37538710031972333
1.0,-1.0,0.6031681383829319,-6.153595324635063
-1.0,-0.33799849285184513,0.2722926200044753,-2.5735423320379454
0.32183453217677815,0.26244711002847576,1.0,1.1561159361679865
0.374786926319717,-1.0,0.936871522173258,-4.950331829364733
-0.7476149208250342,-1.0,0.2559590245763559,7.354242489406987
0.5731073383270748,0.12488669370249617,0.43393178773102803,0.7963691019201993
0.520897399903993,1.0,0.98801795374415,9.872069108796083
0.7574352164908558,-0.4046833555923379,0.48660127385233887,2.2985145893688115
0.12537117788033947,0.33503356250616,-1.0,-3.23130787152681
-0.14979418102096775,0.39659811609134565,0.1755207469159734,-0.7279945424066162
-0.26519549702637657,-1.0,-0.897565346202885,-9.932813024121447
-0.9042197569086192,0.9739694431013961,0.7049887476559722,2.173186756679285
-0.36658515078133425,-1.0,0.10414477895003071,3.174742150478047
0.06259776576865428,-0.7854994519213694,-1.0,-10.089556777487575
-0.9989420622955836,-0.3147653858881596,-0.01622471701960726,-3.2697447602885337
1.0,-0.9826362696660089,-0.8148839032564879,-15.085555765846006
-0.8289745061768095,0.1483613167641884,0.8339880492186404,0.4983123670042418
-0.1943806497219498,-0.23590469376867862,-1.0,-3.284781645923268
0.3854669118201386,-1.0,-0.0051479273388141955,0.7039018852788136
0.6979982362907133,-0.028582199144088438,0.36373414743281574,2.3287142977109037
-1.0,-0.1433385382741419,-1.0,8.926974891314572
1.0,-0.17802291749750587,-0.715669250991386,6.128660083447684
-1.0,-0.5834821571687561,-0.22221118337003753,-1.0025551974080018
0.9694136694140125,-0.21766339098270882,-0.9973039699382005,3.718374738373054
0.34106919848405304,1.0,0.359025407484445,6.698451501520461
0.08427204684353273,-1.0,-0.13443690656425233,1.5215538767267696
0.8390502236100164,-0.05682828695351794,1.0,4.076659359970339
1.0,0.518938063620181,1.0,22.266390110053592
0.3495311081833674,0.5639935158186236,1.0,4.432877690664285
-0.6619666571800868,-0.3293048715404019,0.6091280309608671,0.30997763676926277
-0.14667782781021654,0.6412414342155286,-0.2277131094257001,-0.044767477638213427
-0.6833262433793184,-0.4059946342834415,0.6686111227925928,1.1977392251704888
1.0,0.7230227941537195,1.0,26.33278527856177
0.8583968596971467,1.0,-0.7018086369798677,17.328020038295527
1.0,-1.0,0.806511768253712,-5.690166428999067
1.0,0.9544212977402691,-0.25005075581317393,14.025263037105983
0.2974848458978272,0.031064379790116003,-1.0,-3.1993922450580503
-0.04977089017291969,1.0,-0.9810580401717097,4.954234316656798
0.9055807895414312,0.6115702326028838,-0.0838994422256707,4.033856114733656
-0.04417030388114007,-1.0,-0.9183013090433534,-11.848526443264838
0.9378289700848543,0.2279480186765266,-0.7406276267221388,5.01305205516329
-0.4027850923875651,-0.12229208844614847,-0.3403439437322242,0.6248237595109052
-0.827006995688087,-0.6846598230501688,-0.9818812475843668,1.1974264463436133
0.37310703607675455,-0.7130647876795857,-0.9201936741588368,-5.548638810187683
0.1628630156502775,-1.0,-0.716944535034542,-5.680186269540528
0.05882613940942716,-0.13522821470605417,-0.05912884345449387,0.622120457836239
0.8640681509501154,-0.7519852153886852,0.6910387811078027,0.6469627428923126
0.2278867145615524,-0.47767754034434207,-0.674275895670851,0.581795864289588
-0.3382671892299769,0.6850002885352415,1.0,7.1043197694022595
1.0,0.38986156007474815,-1.0,11.103454534669343
0.03940722783561479,0.44018391956547265,-0.40714923185322105,1.1591309253059183
1.0,0.43965312058070927,-0.47539585631242254,5.014097688529869
1.0,0.08738781614193525,0.9086584293897211,11.569053374623676
-0.9524527885224714,0.04801122645546041,-0.4032050393304263,-1.925768980718408
0.2702739864932968,-0.3144797369693084,1.0,-2.4175173153845844
0.6470708525917785,-0.14036134674153455,0.9370396423822622,0.5350749406552741
-1.0,-1.0,0.778807398820984,17.21664923856207
0.71048004045247,0.05129459606714182,1.0,1.9958722317487494
-1.0,0.0019649930375993385,0.2614622200401939,-4.911025850846521
0.2887846322594543,0.27744328004299756,0.28291178015815066,0.5578844010772372
-0.07694796610680399,-0.1511068206048496,0.4101894696284756,0.9080010046920521
-0.6305978060137516,-1.0,-1.0,-9.842384857694478
0.6883710363782087,-0.08929464019472944,-0.2810231668752594,1.736180016919221
0.7616499659925371,1.0,-0.8256396322246893,15.486100812113724
-0.074672794296887,0.411818898160758,-1.0,-3.8865176565447213
0.21623068974896897,0.05516951371579104,-0.6331603151374277,0.7201267066070375
-0.12409161274660097,1.0,1.0,14.001330880901081
0.004000934424530644,-1.0,0.7977613759294617,-2.4168209680553616
0.38601849095477037,1.0,0.24665495442984064,8.045643415505525
-0.8831905897969345,1.0,0.5100924035764658,1.6966594285769758
0.4172427247039898,-0.6458179647458011,-1.0,-7.788838690630468
-0.027470965221827903,-0.4432290828576353,0.5471518627582199,0.44798850420264436
0.28368723076745805,0.4435212107853168,0.1090768407925844,0.4786294798864339
-0.8654654672514404,0.2911472029961959,-0.08278873472840731,-3.033809914551521
1.0,-0.39135480408582834,0.2114107830546661,4.174287790015425
0.504309637411962,-0.13124647502165576,0.8570526576649551,-0.4133443400248747
-1.0,0.7055522474635472,-0.9160814828465433,14.619185833459321
1.0,-1.0,0.705225407863848,-5.876771797746984
-0.47480752833535633,0.0277366212257395,0.8727885706220164,0.7655556167309814
-0.8157769383312099,-0.019450489541936733,0.24817459649215778,-1.890747409394343
-0.4495736035915694,1.0,-0.7346089373911968,5.300432176665998
-0.5371205301950743,1.0,-0.7287510067375094,4.0513197618209125
-0.5490099789107656,-0.6723418128838934,-0.9767815729496927,-3.1576459515514
0.20916492299802814,0.38231843618867045,-0.17418283841465065,1.0977096096512962
-1.0,-1.0,0.5728631744909807,12.981691629676966
0.30791429901108125,-0.9328393837561664,-1.0,-15.484619258830776
0.38222648722280117,0.8942515626266294,0.767898708796686,5.7160484370316516
0.20728870663143883,-0.22177220836359512,1.0,-0.4822975603796936
-0.6445348279252228,-0.5507548392730806,-0.11092858361986857,0.749835894181985
0.12485276320030869,-0.7240188440378195,1.0,-3.134849361707142
0.2760775581917774,-1.0,0.12400614794293152,1.0852101694233471
-0.9183567150407419,-1.0,-0.9344398341608067,0.6732345919073534
0.3778728692639357,0.15967976441356924,-0.41178988580025466,0.19413440028050666
-0.8160971103274111,-0.18535972216903085,0.6950637218070259,0.08892143532391454
1.0,-1.0,0.2174449057380181,-7.5803963443705
-1.0,0.5743679650903915,0.4614815709908793,-4.118931860817665
-0.27421809118867047,0.2797355828295762,0.6864200838704677,0.029226112861501813
0.5435028555833705,0.05864653240279405,0.7283914014661521,1.2554294551921952
-0.8100281380836687,-0.45592971346665845,1.0,4.212878933492663
0.26666823745553025,0.652710064315855,-0.5305588973987447,1.9812927814244121
0.8332879232692847,-0.5930498608113428,0.5102915230328104,2.142558231695296
-0.3025791896044814,-0.8291876514489107,-0.22836947955414133,2.1462900866637127
-0.4455526634565117,0.9739631324048879,-0.08752865332586168,5.382545938154426
-1.0,1.0,-0.2523518097819293,10.116579576418255
0.1808915802015263,0.2476481045983645,-1.0,-3.02492583570161
0.28244363903061864,-0.8997606666070455,0.5270403744566294,0.8620272346157138
1.0,-0.33911963607692686,1.0,7.1204526612382715
0.11596356272272867,0.8435753333879221,0.6865142715327102,4.079250636413905
-0.49068611300433385,0.949562465925581,-0.5047947312527366,2.738005678008022
-0.8947815768625473,1.0,-0.08248977615349085,4.956278710503614
0.5053812929880253,-0.009295649657826477,0.6952161166612241,-0.13175994293471005
-0.790590844258918,0.21942452835719028,0.6471983916200246,-2.1281034506345993
0.6362812014890766,0.9617949954935001,0.2788849641071067,5.79179876476493
-0.8825254917216452,0.23262049384684547,0.7366109283105688,-1.2058768989152662
-0.19374595024467478,-0.21126245751491846,1.0,-0.3071420191528434
-0.7715894595349686,-0.7287527467821884,0.16536917747358593,2.582341980322882
-0.6544452344823488,-0.09204468326329218,-0.06322370423175316,-0.25839510014102685
-1.0,1.0,-0.3314893207948475,11.576723219742918
-0.9725339326913967,-0.19084743191636022,0.22719529045777875,-3.4953358388493725
0.2373841659589686,-0.9386527684633934,1.0,-5.615288020783699
-0.8675219579978397,-0.37991152032742725,-0.3537686871119765,0.27560790430581067
1.0,-0.5586823917938888,-1.0,1.3090763415520192
0.13292621456363318,-1.0,-1.0,-18.102013172351143
-0.3960557286105839,1.0,0.5829436959555523,6.931234399729835
0.9594956626356943,0.14817328963996323,0.11735904495567362,4.048792132839367
0.3414221352557876,-0.5192097664269757,0.8954474731741475,-2.136844816646912
0.5462629162319401,0.9858559230407069,-0.500234477509889,10.827682915582928
1.0,-1.0,-0.12215427410969926,-8.890663241920135
0.8022118361901109,-0.3667383545884584,0.0023343808604043836,1.2815418005267343
0.15750992990730706,0.40940419104829573,0.8302985487096572,0.9968353363843138
0.41334684506934094,-0.3943055397618902,-0.31963080604416594,2.1245062585402867
1.0,0.3722268021770272,-1.0,11.66048710017609
0.30563125048422113,1.0,-1.0,5.276232895653771
-1.0,-0.03454062216821652,0.6165826671729129,-3.3122414763845933
0.2704806676447109,-0.9989143868427346,0.881077410652997,-4.440684542338224
-0.5677219056850789,-0.4109338353941403,0.8169423400785512,0.376898911399268
-0.5267329859795946,-0.7099842561226704,-1.0,-4.880100485539317
0.9421104077513955,0.35803339689236324,0.9683194642993262,14.658104499892305
-0.9234302517718285,0.8083086309303575,-1.0,10.917014524400518
-1.0,-0.5553473645358435,1.0,9.303803025565191
1.0,-0.08817577291019707,0.8670805150573688,9.020169022246652
0.3851835263968393,-0.7202015455817916,-0.4100357769248548,1.668706539616873
-1.0,-1.0,0.02566546240259493,7.579195685022154
-0.8676392853835275,-0.028646914200864293,0.49047768709163675,-2.0441095333886063
-0.3779565289572968,0.7940698077499757,-0.47615995079202555,-0.5746055218818611
0.6598453977361762,0.0007564923001264212,1.0,1.4607847465749972
0.051617976520244024,0.0032313736727396236,-0.2327214377186555,0.668200278635986
0.7332977879425289,-0.995436067755529,0.2981088149926534,-2.4878000597354557
0.20294691684008104,0.6606913885846617,0.5904982589676633,1.379002745461834
0.4462062126123454,0.3349211998681907,-0.3965194730568562,0.6865304888469864
0.2684368038467868,-0.7240303428733321,-0.5731800736471151,0.75963705848635
1.0,-0.6528797354104456,0.2387531954246611,3.2045624107779647
-1.0,0.8970867170673678,0.5423099478148758,-1.3567235366067512
0.46330457963297467,1.0,-0.14120291520495853,8.705000841554886
1.0,0.053697719822404455,-0.03900636959685699,4.007169601466411
0.65012199701513,0.0017105503526124721,-1.0,-2.2242219438727173
-1.0,-0.9036826111048073,0.1595528720044106,6.636421940213264
0.4184964586502278,-0.2796369753703887,0.10804556960669576,1.608413099631386
-0.9548585145947597,-0.23396918796176847,0.09721334765683243,-2.470304194471931
0.027149700957749268,0.3749658836591039,-0.7739419544355812,0.29876690374550724
0.2279658633744992,-0.015002460072311541,1.0,0.05927294117572279
-0.016497252098354176,1.0,0.8332090254146662,11.311831143846483
-0.0018448376610624706,-0.33410876953897795,0.2114496546225615,1.2668236155163255
-0.576617901991245,-0.8388177846916016,0.467412293708404,2.859034552122685
0.3604823855756132,0.455827270608133,-1.0,-3.720477808962941
1.0,1.0,-1.0,39.77481295851242
-0.9577020067833368,-1.0,-1.0,2.2984952802778094
0.0011383228322976446,1.0,-1.0,4.082837403546034
0.7701448298093825,0.3518756141585224,1.0,6.852779347057691
0.38010698537150156,0.33083149063583495,0.2487284658853628,0.8377701542059613
-0.41808940244089654,1.0,-0.42664249941653565,6.424109300471726
-0.5150572722017459,0.1294239254965177,0.9305000015490097,0.9316297424819187
-0.9279746836268878,0.21601662821247603,-0.43599129384855617,-1.829305803701811
-1.0,-0.41101470532506745,0.23472648926625905,-1.2081612404723536
-1.0,0.6213334246371429,0.3087009368007825,-3.784247545922188
0.049848819456340454,-0.9723019194825562,0.5072322319080336,1.1145167906457405
-1.0,1.0,-0.9767491938835811,20.923375479796803
0.5725825859231268,0.4716442752121035,0.5853897344358876,1.6781573681720083
-0.8782244788588163,-1.0,0.5891388090929286,9.731667198431026
-1.0,-0.634412274882411,1.0,12.408532473265668
-0.6171529157895068,1.0,-1.0,0.3476746598212508
0.8351481801162046,0.5123995205415055,-1.0,3.336854686247824
1.0,1.0,1.0,26.199819216848166
-1.0,-0.6471144496117651,0.9964656326711607,12.644776217878407
-0.6042444318220095,-0.11316240354216855,0.8307454776329839,-0.2766110055868491
-0.5448742853416064,-0.17406647279905174,0.24660193108433037,-0.5186127833588019
0.8364257095773922,-0.05990923373197643,0.6782346833228341,4.012825577389332
1.0,0.5616245340172692,0.7788546458793297,14.72716537657724
0.011343489641898907,-0.05911071725386896,0.8606310944268662,0.39352673174911357
-0.3655320490008138,0.3230859770962431,0.08469893803152861,-0.19644622712011828
0.6967424066055099,1.0,0.7005155532580603,8.58983341726047
-1.0,0.5910346044178263,-0.1355423069850361,-1.5712030975234015
-0.7178960298750461,1.0,-0.04140941488812944,4.413817720104331
1.0,1.0,-0.05528053255996879,14.576751482379937
0.2893322969070149,-0.02690194340500285,0.5291425190312915,0.5724574109103195
-0.15247990261672895,1.0,-1.0,2.8169690034822343
-0.08060797097024608,1.0,-0.5815319420143339,8.851079085378883
-0.7190937774938075,-1.0,-1.0,-6.662459918837561
-0.6180078090656991,0.12793169110883906,0.21816064494829934,-0.9167939172873735
1.0,0.057021336501916764,0.6255520197926232,8.584612116121095
-0.11439207020474051,-0.6520118292057273,-0.49090273753659375,1.0519201311385844
-0.8932415755963015,0.05202689585821907,0.4326200797270303,-2.083882446955473
0.5449459552191205,-0.13166927670703,-0.7043312357743243,0.8800198864021619
0.5829588730173343,-1.0,-0.4247489187295943,-3.208900179394238
0.4927695132988068,-1.0,0.579231372395665,-1.4806996704460447
0.29041530406485405,-1.0,-0.7908305194975884,-7.804238173921153
0.6500979717620063,-0.8890573875070129,-0.8095357068741647,-6.172634985363028
0.9282142977591421,-0.16747933465390608,-0.20098422452399922,3.031643031215685
-1.0,1.0,0.650122590636248,0.749996333538328
0.15378835178253936,-1.0,0.9164642742124003,-5.333042498646086
0.07996646528921225,-0.576552158742849,0.1744366647408382,0.8410481997400377
-1.0,0.047618944524580264,-0.7455670774866698,2.2313801725569813
0.26449662378198924,0.26668641533593473,0.6358223287427052,0.8177155510399969
-0.311368942543502,-0.039008950750874405,0.036813168891386194,0.4312106590005871
-0.9623769095056292,1.0,-0.22137562279360168,7.349416514078258
0.2635851059559051,0.650038854438689,0.377635624322749,1.8144608273689196
-1.0,0.7698938209481718,-0.4791236194694297,4.246512950211108
1.0,0.5464906737837423,-0.26816901446243113,5.772067587130114
-0.43515628308315835,-0.9044665407268566,0.14912210514307955,3.5230757438038562
1.0,1.0,0.5773837376178144,14.420260447943287
-0.3424345881543276,0.39889098662200584,0.77379367230755,0.28645520214496806
0.298865619992726,0.04054685413447001,0.9867765276889513,-0.3235984924352455
-0.36584147750447316,-1.0,-1.0,-14.573462575728874
-0.008919547246691195,0.9596612736533354,-0.3861901366274292,6.90794490911077
0.2799653944049938,0.3419624271147985,-0.5844486695151121,0.9442744597596568
0.32023217478290866,0.07997714005959056,0.3471681927406165,0.6397139832219132
-1.0,-0.7270615390203132,-0.5979513835659436,1.6857960157775893
0.21724057324535195,-1.0,-0.5745323128210569,-2.3633326581630896
0.7233332774418517,-0.08171463386818578,-0.6176904935927954,2.409173283731702
-0.4474941780000501,0.6067783973465377,-1.0,-3.695655970962038
0.07507961702999189,-0.16430872462636614,-0.9431974799559015,-1.9078464578841556
-0.42538644132464354,-0.5714069954940608,-0.9448198442523907,-3.3048097464678987
1.0,0.33813496672686716,0.044889840473550935,5.890190389586069
-0.5668861669541692,-0.04280780132630713,0.9896457199788422,1.4099903096251327
-0.9058592460814643,-0.22808430359577447,-0.8739358964352673,3.584606979614421
-0.3920261558204583,0.6605324265181265,-1.0,-5.212775143265314
-1.0,-0.44206821474355174,-0.8919934340479017,3.7631057784422834
1.0,-0.20098560929920772,-0.16608508819814016,4.674405191093781
0.3961427527137549,-0.10993035181623467,-1.0,-3.1708838364131204
-0.9276172600093644,-0.6865154817047259,-0.9359344748066791,3.3850396896154344
0.8854489589290784,-0.36873548105353593,1.0,2.285018717718622
-1.0,-0.02368802822823146,0.19093994910872536,-4.453276448853443
-0.4801649910108683,0.7379969293323725,0.7366015594861168,1.3145403901690558
1.0,0.5963139724314119,0.8673015799427877,17.71494410072504
-0.062150899625195155,-0.607420602117213,-0.9914694601245284,-6.524124775809006
-1.0,-0.35894440437015684,1.0,7.141624328875099
-0.19417650411865184,-0.4806164809819202,0.7899044358039498,0.01921646292126576
0.8287552919112431,-0.8609356797395844,-0.6847568790644663,-2.913398997066576
-1.0,-1.0,0.913058056533798,19.910358014429136
0.32975696764815843,-0.18280338178405842,-0.3609405914762378,1.3298204210114828
0.5723099295467284,1.0,-1.0,8.15578381664595
0.808172884638086,0.14934735104888985,0.17531071081943628,2.808341207724711
0.22734437549269382,0.1405387499745241,-1.0,-3.2849549706631183
-0.19193918986207859,-0.0831643924885872,0.9401252343917743,-0.11014533551887257
0.22184589377008868,-0.023037740328577083,0.6817323178026604,-0.046339114421225236
0.7002785228471953,-1.0,0.19993735673905122,-2.4634840690457804
-0.6423539738846786,1.0,-0.9077904072421599,1.6505885617719938
0.5942874991870604,-1.0,0.3180697926851783,-0.6472336392641906
-0.4624523562840914,-1.0,0.7829113978041311,0.7410260024504036
-0.5431476900709804,0.5140198330364667,0.0610742231339374,-2.2707824674805734
-0.2501647998759797,0.3861050545791598,-0.500811306763183,-0.9399076726562816
1.0,-1.0,0.17758851560656264,-7.099076932699133
0.4044144056052448,-0.6856680181113888,-0.8171867865471725,-2.272567748518969
-0.22412374846654837,-0.44645847309137143,1.0,0.41026301072703686
1.0,0.3265835236251269,-0.4651480525015492,5.049443144552595
-0.5809023315149273,-1.0,-0.2863904121624625,3.3391581152146825
0.37013493338243153,0.2705634344585577,0.2928698415841591,1.0854868127580093
0.5155355362694196,-0.7659579127758207,0.6689491777510395,0.13299627653271456
-1.0,1.0,-0.9582870562553933,18.914761273599396
0.30079280122231244,-0.8499701371089934,0.697316223742726,-0.16934024592496183
1.0,-0.32914384104366934,0.8037348572847802,6.721334339562803
1.0,0.3824565455979141,-0.04314321554168132,6.082201500908653
-0.10917159205374283,-0.5134137777856769,-1.0,-5.798641584627746
-0.46114201103704233,0.2446987400633387,-0.44281036048623745,-0.2676450086555097
1.0,0.6472666942779186,1.0,24.367574558921373
-1.0,0.24731047836276487,0.047434707346668104,-3.719650728929148
1.0,-0.27067965781324865,0.7963180643314733,7.333413327993683
0.9643728269207277,-1.0,-1.0,-30.420024111089813
-1.0,0.521887494430914,0.10132949952895132,-4.3698048727667835
0.37323359319261984,-1.0,-0.5365900094310607,-2.7486740982598112
0.5093166082108229,1.0,1.0,8.972777677479886
-1.0,1.0,0.01408065257775748,7.37728243079178
0.23138028083598927,0.3075551564723418,-0.029479307152059597,0.7472400726243298
1.0,1.0,0.6422263995015349,15.769925044041125
0.4959707843950001,0.7530370132264952,-0.7886937905059683,2.100310182277204
-0.25955015613466026,1.0,0.047665380678974856,7.179333800606651
0.13517050128547625,0.9433122548378465,-0.34779630456849064,7.005055317927187
-1.0,1.0,0.033569625917769574,7.33640789995262
-0.33309761133775884,0.8192732408987033,0.8210126029353442,4.1067136515680485
0.3211033248245698,-1.0,1.0,-7.879668155866288
-0.8242918646435435,-1.0,-0.923533579295682,-1.91464034797123
-0.13676761338039478,0.1234558672443371,0.38476111099061927,0.13959333199533586
0.5076609250021589,0.21708367036270904,-0.2815619116394792,0.48488635948497383
1.0,0.01550579672230179,0.25439147723829314,5.738111075838145
0.681259301251965,0.16556914719821947,1.0,2.745411135056257
0.5121712242741154,0.7686345108219907,-1.0,-1.4268487642366838
1.0,1.0,-0.3315384971112214,17.1213473913682
-0.23387890740210127,-0.6805852888091877,0.13818411514073015,1.373574119741388
-1.0,-0.2180618834793704,-0.9932240340509466,8.414208578816124
-0.4550872057207713,0.2595631810088541,0.4276205515140512,-1.0075279659413485
1.0,-0.89061004040488,-1.0,-14.539429483149455
0.0907200980375078,-1.0,-1.0,-18.31625312133698
-0.04394187644688685,0.5459577265609605,-0.2505248335034991,0.36662214148951705
0.19582230790939192,-1.0,0.7816653153541575,-2.3400054911931223
-1.0,1.0,0.29188970083516463,4.67817993681276
-0.8710208500571852,0.6550354176660016,0.44570873507317943,-3.6699863917185374
0.43863183003518835,-0.6929335791070002,0.7562944931308735,-1.0687187859155978
0.06788735569517557,-1.0,-0.7157001944925514,-4.498722778711478
0.23713408450721762,-0.2646066288548925,-0.7167688306082114,0.7263510541633146
-0.020438143694119892,1.0,1.0,12.903584121682089
0.1892785275552309,-0.44394556643420247,0.7920289689617086,-0.1203235799010996
0.3582183698126373,0.9502007636036078,0.9298709183907188,7.7341625190487475
-0.4104366874813017,-0.04308294306065008,0.8650234532016512,0.12458299742813282
0.9591504813032081,0.22567567981470238,-0.3869039492336217,3.465688562072338
-1.0,-0.2551501721069478,1.0,5.6613370636849485
1.0,0.08657725816022399,-0.652076704586694,6.080575444155503
-0.14554785063640763,0.7373745222824806,-0.45000597377022156,1.3559676911572818
0.7769842321448237,-0.1530929504624352,-0.01108659002651824,1.728344963666367
0.9240442000470444,-0.15071659319142205,-0.2668377963000823,2.4961584077700074
-0.014835243639968132,0.4778677330292027,0.05669971044717803,-0.23365936909448323
-0.1087441961939486,-0.9778389584449885,0.307794205045967,2.6358824369681835
-0.40912192962289584,1.0,1.0,15.536345365166834
-0.5287932585077788,-1.0,-0.8485702319780914,-4.940430037486595
-0.08608066664425751,-1.0,0.6127236947539607,0.30454578307638597
1.0,0.6425232499676536,1.0,24.519568930067138
0.04838108269441421,0.7424511281489634,-1.0,-3.6335372230066256
-0.797289353513642,0.16759647588935933,-1.0,4.47564203929302
-1.0,1.0,0.7855204375287732,2.8139563877107028
0.4280537479246911,-1.0,1.0,-7.075050362299037
-1.0,0.8337455171400223,1.0,12.485639719376126
-1.0,0.02635436268638447,0.8160470499294146,-1.1572788849028262
-1.0,1.0,0.2745442372176754,4.132630958848227
1.0,0.5383279084680654,1.0,23.66792465536162
-1.0,-0.20470160668573922,0.7118449069355852,-0.31466965805615976
-0.22385367267380496,0.5331693794817218,1.0,4.468097504265745
-0.5711086570311672,-1.0,-0.024090670020225025,4.703983091310176
0.9959620524919284,1.0,0.234289254620055,13.284758564969195
-1.0,-0.1853329097163674,0.04597575659881881,-3.587995502753425
-0.6881699319380934,1.0,0.3237021323630851,4.078685209998891
-0.4944757713102814,1.0,-0.43833730123071923,5.66575048109064
-1.0,0.07858518268079306,-0.7489669411914557,2.507514550504451
-0.8184700271501482,0.45385962910323663,0.20364370203816184,-3.826578416190002
-1.0,-0.4670215126307127,0.5762022092288261,1.3734182028568651
-0.2208758007257683,0.47371763847698256,0.18361529628708562,-1.355837702293288
-0.32879177642913504,0.6406896288736941,0.020953238370396976,0.07387159025994205
-1.0,0.32629733700293073,0.19555626017078587,-5.059797578050021
-1.0,-0.3650250912875257,0.08226114062557022,-1.920487574268809
0.454180821701079,0.16465221262107388,1.0,0.9990710863411263
0.0075045387324570445,0.04334437017326609,-1.0,-3.380770537284798
0.04116283166567003,0.8543718091575128,-1.0,-2.288135162249154
0.506645257527282,-0.3455735499904169,0.33182228100309796,1.2290812024663005
-0.7741585174902652,-0.32058167441888097,0.6726729519846344,0.03838490496118374
-0.34132281559225697,1.0,-1.0,0.4465812997817449
0.20970055610426175,-1.0,0.785122818957493,-2.6784466593213816
0.48405219515859765,1.0,0.6365653853240396,7.665713319359975
1.0,0.5385869049688956,-0.468119749478648,5.8762268598601395
-0.07996535293925344,0.35344031322576286,1.0,2.0154155001569567
-0.4229810414329651,-0.3442677582375242,0.07331568486186124,1.9115737323717332
-0.9511184554228767,-0.10920732922655962,-0.9206713037755925,5.582755267659745
0.04649267031720106,-0.5380263335290094,0.25017512471553083,0.9911703963675613
-1.0,1.0,1.0,17.527062483438932
0.15291183211682258,-0.8944995307206918,-0.12364953894405217,2.119174881543818
-0.15859573291546547,0.0410529320742008,1.0,0.510350010416416
-1.0,-1.0,0.17244524794007332,8.083743656445247
0.5080698755436328,1.0,-0.7910163019344831,12.062090296700433
0.0736647170582505,0.7353989069095606,0.891089897554878,3.6215668148107167
-1.0,1.0,-1.0,20.801708148384005
0.2504439000230929,0.48736035914057774,-1.0,-2.736183484703996
0.8081306223620257,-0.8406797409624633,-0.0955962656182181,0.6687955291537163
-0.08225770818224731,-0.617306479116831,-1.0,-6.583318125786416
0.16830112025181587,0.29841392708016556,-0.34830790073206663,0.5123504527488993
-1.0,-0.7094741355560754,0.5804540632330275,5.166188537649851
-0.5617305052806609,-0.7586830737212331,0.30326927862165776,1.730844961764139
-1.0,-0.8526987117860159,1.0,18.411262511197794
-0.14148247619475152,0.7094360673885525,-0.507707836926363,0.6772968467304299
-0.6979652885241998,1.0,-1.0,1.1070121213363417
-0.07286946681454931,0.8339837704085404,-0.6381517169374975,2.1310655374822525
-0.16194647772449833,-0.9288853285524517,-0.12039763241727153,2.656217463995161
0.6312279845450757,-0.7468356347469807,0.6464103944369735,-0.6912048198068353
0.4495920143353993,0.2016540306723258,-0.6265011335165118,1.9637090536951016
0.3251307046155858,-0.013149187564731601,-1.0,-3.3751959929080178
-0.985583488567257,-0.44986455730062613,-0.9670453074252547,4.259054389259049
-0.11170904946914861,-0.3314632515333975,-0.6910406252304466,0.800297153198375
-0.5516670182890517,-1.0,-1.0,-11.368630983732485
0.3305350705424026,0.8657570514908415,0.561092224984719,4.169824170010357
-0.9808985503082641,-0.9208411148949558,1.0,19.024337830736705
-0.18511356181715732,-0.6483845746685148,-0.47180735880303293,1.2722780313367925
-0.3727740647364015,1.0,-1.0,1.3551596312174043
0.5933694817969686,-0.8725109317441533,0.5250599311643109,-0.538594950631802
-1.0,-0.5651514876220327,1.0,9.279064762355272
-0.6179186740277525,0.9371468283757454,0.08781550962705231,2.5306038897214966
-0.32502470195137945,0.5761962003065679,-0.18847802408416547,-0.738679746350463
-0.5586476436946417,-1.0,-1.0,-10.74354826382799
-0.02115220963547415,-0.12555145153277714,0.27706909289495774,0.7824378112094125
0.7896188153231756,0.5928395884248128,-1.0,0.8112401914559455
1.0,-0.7725764961645358,0.609165432079104,1.3382391685716593
-0.335985387386861,0.2393239310885138,0.7379443693614298,-0.07272403996455845
0.6637026840568694,-0.4545812970147327,-1.0,-6.178377895820902
0.3472327651598177,0.5320374932820551,-0.39852857293939437,0.20599549870688605
0.91697706420434,-0.031201485061425505,0.138668443271865,3.768410144831789
0.6855518105724925,-0.1881678971359635,0.3986710892418812,1.6254990837758647
-0.24901796064818793,-0.7724346507666648,0.064603336440332,1.5795599627717174
0.02033588690699295,-0.15588177709672002,-0.3275768705165951,0.8443697317656393
0.4357245738807456,1.0,0.6890568054861923,8.371081147690504
0.3769758016940552,-0.5166003078378922,-1.0,-6.3128211606758
-0.38279261460394753,0.4420861782507146,-0.5508551218086497,-0.9427947410244258
0.13752695640367807,0.17907650808613496,-0.018450066772348173,1.1724650113085193
0.3315439944007532,-0.28916263939554265,-0.605950472355635,1.178601461403636
-1.0,-0.1660328235383346,-1.0,9.383147033254708
0.18100920183440805,1.0,0.3184838776969079,7.694592379674548
-0.7444822067307533,-1.0,1.0,3.59210929292657
-0.993861923593949,1.0,0.5897759849844171,1.6121702500660513
1.0,-0.8120440865614507,-1.0,-7.862596915420103
0.6849008741191367,0.5544604920811125,0.35586237159158873,2.1835213372209483
-0.23298356032367562,0.2714412454004389,-0.1977274324325229,-0.32264453033870855
0.7572069744769436,-1.0,-0.0329776876586092,-2.838892040572354
-1.0,0.22713242333027028,-0.4079430226954346,-2.076066118533582
0.9847733124160865,1.0,0.10614631839287325,13.283599554115712
0.7209145195847098,0.5664344641431402,0.4594977598528047,3.250613719212439
-0.14685297636115613,-1.0,0.6192748905927592,0.5105797122361371
0.10573418490856135,1.0,-0.6669810817971864,10.400016528859924
-0.4759276405378554,1.0,-0.4113329781931814,6.719164453187329
-0.30004402770593175,-0.709260637148502,0.3406321194302182,0.8470183851659717
-0.8420552009048976,0.43966552184045216,-0.6665692538064847,-1.1521089687894828
-0.08985102699585523,0.39048801055049176,-0.2536316762923658,0.6095419315115733
0.6269351289357232,-1.0,0.1421244768965435,-1.239508741039479
1.0,-0.1271306091747988,0.3819977424459917,6.296399977173395
-0.812280452427995,-0.18826228314972604,-0.27099551248143317,-0.7664980485578325
-0.5781423293358965,0.32652862534268445,-1.0,-0.9897251472796484
1.0,1.0,-0.1614390446497309,15.394039201687134
-1.0,1.0,-1.0,22.450560666994146
-0.14362282743970045,1.0,-0.05375768338602627,8.014325300952356
0.34195427482345675,0.24957338351352876,0.18349080930432127,0.9598334692632342
0.010000645992373824,0.17234621821778573,0.3099342050501328,0.9047872326385484
1.0,-0.07980853797119991,-0.41075136239245613,3.716067467410095
0.33737839317934326,-0.5109726369932845,-0.752579404822119,-0.3456560531552427
0.8310583320965244,0.7171677009191761,0.5695073124579906,6.592140537395969
-0.5839481941181388,-0.9065582775343997,-1.0,-7.745056708011955
0.05051694498121684,-0.8149225448421891,0.0051628310514635345,2.242913500449969
-0.421795508991877,-0.17134849451282097,-1.0,-1.5682844309396184
0.9688166694230254,0.22478027889133956,0.12746684902145877,5.023757870847324
1.0,0.1771218287665588,0.3218320308793656,5.809610312760903
0.9191173359590856,-0.031783200151136004,-0.0235029805490774,3.1552249041962988
-0.7659947404405449,-0.9096451522523601,0.08146208382896902,4.905698093104425
-0.20101638085597817,-0.3267110299939715,1.0,-0.539967026052983
0.12899565583522277,-0.5442159913778475,0.49789864841215437,0.9005327073958543
0.9911162408738909,1.0,-0.3622070167719349,16.447794325619224
1.0,1.0,-0.42227065894137383,19.062949971203057
0.012077341634403771,-0.394902299657234,-0.580936200423374,0.5348910220009351
0.11903682739739674,-1.0,-1.0,-17.10425366130869
0.9969394717917219,-0.6124881661232651,0.04901759221099011,2.5280418931603377
0.20957070743407358,-1.0,-0.7662866978970784,-7.6332614403147705
0.3177643575898226,0.47868983386293107,0.6287345650157585,1.2594849045868948
1.0,0.23673218492624315,-0.8595617566112965,8.034952656112264
0.5464017333701929,-0.0200451379015405,1.0,-0.7815346924727391
-1.0,-0.7022001292418902,-0.8272376954538718,2.735788862040873
1.0,-0.405923164048551,-0.5163542096507692,4.487473154735017
-0.8711392210007591,1.0,0.8461936470464142,6.540675249534166
0.19157799032361433,-0.27269422926393116,0.622090944011823,0.9558640383872687
-1.0,1.0,0.48184764010458525,1.6209396334481778
0.666761862066235,-1.0,1.0,-6.942308681670508
0.09034947410996086,-0.14718684270486881,-0.8439195363515188,-1.4953284665637114
-0.40901830378224346,-0.14733197915245766,0.2623608700957043,-0.2136585957998402
-0.973689848898974,1.0,0.26785144927785454,3.7607192026989287
0.4770207384054215,1.0,-1.0,7.0999725973799555
-0.5431108204236414,1.0,0.5111633006644127,5.963740072358819
-0.39641457476973097,-1.0,1.0,-4.9389751528178945
-0.530902639859884,0.5382392798750195,-0.6735542217710622,-1.2823080942099279
1.0,-0.5282374654281949,-0.5037980628261853,3.7433582312974405
0.29837412569198785,-0.26353623065549625,0.34560661668487036,1.1186332889372168
0.6343278656785425,0.5199238798526136,1.0,6.165054461813729
0.4746518569211038,-0.2131772335995501,0.3999126517273661,1.2167196089655905
-0.14976070284128995,1.0,1.0,13.946596539780549
-0.5057624440561475,-0.40340807666795797,0.4375518652571939,-0.38828432151751685
-0.6939973935255828,0.6663725428549157,1.0,6.386447960843413
0.532851343884821,-1.0,-0.41379766112056604,-3.0242581467666723
-1.0,-0.05854020462338694,-0.7946060671186954,2.8788747295087873
1.0,-0.34291281235925086,0.5454415144649871,5.953432904325459
-1.0,-0.7211327237505658,0.4965575943538967,4.33588130003597
-0.09678649012526175,0.02419494371819475,-0.12536462275093752,-0.28778688904632155
0.5391527824745153,-0.4810290254744001,0.5944337488501101,1.0087107176973253
0.7929634720943963,-0.17161439960252456,0.3729792290835996,1.8026838272634738
-0.24125451519035357,0.07953475776388208,0.4701430712039407,-0.18147873250869997
-0.04542012785508054,-0.8528308465415795,-0.5621667117119094,0.5678935373726685
0.5016424013879532,-0.782899993592822,0.788238100734185,-0.3726869603681787
0.30707960959501057,-1.0,0.007504498040539431,1.48633388207367
-0.15303989088852954,1.0,0.5045074161885843,8.364806584340135
-1.0,-1.0,-0.8100895452959531,2.682735547812761
1.0,-0.4265472135964081,0.6250306934914089,5.834236515174264
-0.030075277979137338,-1.0,0.8452418342197399,-3.37675623633876
-1.0,-0.7299007905939441,0.3951795132586666,3.9039891358118726
-1.0,-1.0,-1.0,2.775981831776916
-0.7403326638901466,0.6770390174396608,0.37383317374350455,-1.8093528820524623
0.09935008832914072,1.0,-1.0,4.506818485429172
1.0,0.3092418959163099,0.925154664655895,15.838629188018082
-0.39245883174070273,-0.035546409034470594,0.6103146343355612,0.6467855589092257
0.2912512042106874,-0.24960810506122177,-0.6144702582671275,1.358246023136073
-0.41978640181404003,-0.6259354725027837,0.24755836823352362,1.3473847886889203
-0.5602001508805716,-0.5573964431664795,0.7112087323767327,0.9793792407611384
-0.5353473305345251,1.0,-0.5931697276241246,5.709029300806792
1.0,0.9232078674584943,-0.499230354668706,13.812243639042268
-0.6158114066502722,0.05492913737523297,-0.9734118142946722,0.8135563100073206
-0.4386351597265268,0.2563266890968605,0.10428034954605181,-1.0261400019852256
-1.0,0.4757014965894635,-0.23207233719121256,-2.9972257184159328
-0.5445651281600945,1.0,0.5296568294339681,5.738427561074904
0.09058753628883687,-0.39079107297076265,-0.9264467589238559,-3.2375834503361407
0.5173279712108194,-0.1917805769630816,-0.7926920494189846,0.6053246846779003
0.9100983564141694,-0.03722407295911334,0.27063958014386036,4.03368305124023
-0.2099489865048736,-0.3760954243008032,-0.2851653477258167,0.9507112301367027
-0.22447161235429358,0.1824872404437834,0.638174937062564,-0.5631340510465318
0.6414978867949699,0.1733800843622746,-0.47938617938075834,1.679054206527477
-0.6239262120925069,0.09014137109278164,1.0,2.4555109777287325
-0.3477093535333222,0.6805185722312976,-0.2681476297239651,-0.5901850536689626
-0.9761137003891502,1.0,-0.2577151123511505,8.35888210813936
0.6140812046954076,-0.14160278421939765,-0.36116365566700126,1.8802655949819131
-1.0,-0.02644454533689422,-1.0,10.402523726129882
1.0,-0.34692243566459213,-0.37877708732628235,5.112165850580885
-0.06720366984248338,-0.7938158102574757,0.3976605027213196,0.7122154983377342
1.0,0.09110761403936096,-0.33366203863193067,4.792461237154971
0.12647671907362135,-0.1600837833549278,-0.13034216270186194,1.281846515499606
0.8032918435557093,0.07646453025435185,-0.08950819938591081,2.3049525730306777
-0.4759833302492158,0.7055064667881621,0.03359975870240128,-0.5378199807260302
0.6297499521420118,-1.0,-0.7060957030050998,-8.254990568504244
-0.09062757428757373,-0.3227087515570197,0.6365584718084965,0.4849438709438417
-0.0024546743932118975,-0.7813727462174016,1.0,-2.779755328195061
-1.0,-0.17044421951685607,-1.0,9.34351431181454
-0.18939020059494371,0.09534382283504717,1.0,0.5083488952189559
-0.39724576223557984,-0.6976144626849741,-1.0,-5.791234912102984
0.10263238912323325,0.016242326482451608,-0.35892219961827054,1.1495420755977974
0.10141725414518099,0.5039065117466395,-0.8688090905373773,-1.490499179946891
-0.7565703781176156,1.0,1.0,16.01838848980504
-0.2998157972583806,-0.8244659035657764,1.0,-1.3391732983741904
-0.13505574309318424,-1.0,0.7041900644998518,0.059963940488204304
0.2174730719838529,0.6939916280579563,-0.9637079426690753,-2.5311299824682796
0.08184901125536448,-0.6833038048253861,-1.0,-7.8634763282093845
-0.17594379288751316,-0.4910166211856317,-1.0,-4.896462766372552
-0.8043713152953171,-0.6024957590749844,0.7784826618089764,2.936166090768272
0.8069910919246754,0.7665198668981723,0.2643211086621502,3.738196672775622
1.0,0.7150556655679612,0.24095456301742613,8.70217492947022
1.0,0.9891258175177502,-1.0,37.43157104346272
-0.6391363023037702,-0.9298993819624775,1.0,0.7327540573897889
0.8928299104397144,0.23926362149465752,-1.0,3.8906063480302815
-0.29521661723426984,-0.16538564408308298,0.03302977571078736,0.11886894247486926
-0.1729997662970033,-0.1112288098423222,1.0,-0.4679535929452326
0.11385394110464886,0.4675850068987797,-0.23478291667230455,1.3084496060311506
-0.6194756884482895,0.881689024039991,-0.5253294194772709,0.720346927031306
-0.9964817481638455,1.0,0.1877777732277639,4.667773175790254
1.0,-0.4436369432192777,0.8277574083711678,5.839682722822063
-0.36896586591641967,-0.6454099469968115,1.0,-0.6404727037941272
0.8112480574790759,0.8726844500522815,1.0,14.863392534460678
0.5430967283382726,-0.8320729903328241,-0.7443025703103792,-2.904248834352624
-1.0,0.3950820332547911,-0.18904113284282897,-3.660072635566041
-0.7456360503516744,-0.586663296671847,0.9352875471924815,3.7024833248767726
0.022346408533830964,-0.5023956018090923,-0.8863630902617183,-2.2395975224261693
-0.2404258121279752,0.46267653753088434,-0.509051604474384,-0.14399505392342266
0.07954956740576313,0.01566035826154044,-0.17245933803218105,1.5688592391301122
0.6114915675498083,-0.237125894171065,-1.0,-3.2729350058734807
0.28724500054755375,0.01412991955930476,-0.6858731121426853,1.8511682573691082
-0.7681967863887169,0.47689416802922935,-1.0,2.481800588874742
0.18472931277677151,1.0,-0.3468779386672556,10.28293360716329
-0.33749370017501334,-1.0,-0.7717911031869027,-4.586655690979656
-0.39775266572669876,-1.0,0.3351369224939087,2.6888884160243136
-0.4632932743160676,-0.0506505411821736,0.11249541282956477,-0.36449928820448624
-0.5734389240742315,0.837455531903839,1.0,10.849245321148814
0.6318342682119618,-0.6278337239481881,0.5041586778566678,-0.37148342108097554
0.8931007698829536,-0.42453335951216165,-0.5073808029969786,2.5535414619101826
-0.2395796537004078,0.45934692056411874,0.8963245114470069,2.1698867588930932
0.8148458983396092,1.0,-0.4303621327651308,12.209249232962856
0.22607200849579145,-0.06724827793230381,-0.49800782792325626,1.1832935405048752
-0.09547954024551375,0.656137519695537,0.01607030083283889,0.3085319883114074
1.0,0.6339998913767715,-1.0,15.021632146209532
-0.6870435746035288,0.32914880075245145,-0.7841640136063663,-0.8654667711442021
-0.4267573260403692,1.0,0.7961549521096138,9.641549172074148
0.3987009338095959,-1.0,0.12444508695704593,1.1224545474824983
-1.0,0.14316217276432974,0.4062111701282447,-5.000281658411454
-1.0,0.3114078344730402,-0.015180249530291734,-4.018049230535968
-0.8603535514362406,-0.6001641283292034,0.8408772598798027,5.056287294124115
0.927987643939683,-0.31675640092738533,1.0,4.262907922636732
-1.0,1.0,-1.0,22.086934234251814
1.0,1.0,0.184522708558309,13.701304155029563
0.16351336236745073,-0.22859355218848254,0.1538491221784899,0.6121604898374771
-0.9387926642877695,-1.0,0.1942938180521936,8.59451281091067
-0.9674090373383135,0.5708727839638494,0.7790591299576388,-2.906591118613627
0.4695230756260875,0.8066728931693063,-1.0,-1.1615138367593518
-1.0,0.5424781178615425,-1.0,18.40662214677792
-0.06827327719107545,0.671008336132813,0.1826468172384157,0.1162820382092738
-0.3960727639686863,-0.686097831868441,-0.25564333880458934,1.6102498243878485
-0.6718806071654371,0.8143682107126149,-0.46642992338420797,-0.6568785311820462
-0.035404233826247467,0.1790233365539886,0.32304927340689815,-0.08004353030316252
0.1481361626528339,-1.0,0.7983290524356141,-2.5055889335374455
-0.2863413742907617,-0.3675458958292219,-1.0,-3.675303997833893
0.46623805640391547,-0.3700293277020841,0.2579819455452135,0.4469127444112164
-0.6944140048376275,0.38334812572061816,0.9887093563220226,3.2634912353126633
-0.8087921797889748,-0.9681039381023187,0.5828666475208006,6.881827402978884
0.6123135953866956,-1.0,-0.22210208963923916,-1.4629075644171572
0.8628367592862625,1.0,-1.0,22.020643919860184
1.0,-0.7814140176222191,0.012998499883257741,-0.23669441642662137
1.0,-0.21056972749914538,-0.828880828354932,7.9897038030408005
0.6440055309329931,-0.6927196291509805,1.0,-4.776417167377356
1.0,1.0,1.0,25.807806218640643
-0.4625146076678832,-1.0,-0.777408141866635,-4.310208319089821
0.02398189579960297,-0.14332521744661642,-0.6312845521737263,-0.04899888579815326
-0.5343898843344819,-0.3663590009482727,1.0,1.910454674662506
0.3628982444325306,0.5346444312241396,-0.5603502817977211,0.003549055220336439
0.8210840855823012,-1.0,-1.0,-26.768180476160516
0.33410193719829073,0.10334660668940598,-1.0,-2.200872054903661
1.0,-0.5903642042923762,0.3226466506776675,3.260943133628233
0.8480893342568006,0.31364782356528753,0.3316709475171855,3.560085549800077
-0.10646574881674331,0.02565721647110286,1.0,0.6261399329724785
-1.0,-0.7532951418204432,0.7139008980842669,8.331737428557698
0.24623380826444707,-0.9228306384823906,-1.0,-14.927422673303392
0.2643443433636734,-0.8295800370218447,1.0,-4.828056121263322
0.3910835594793951,1.0,0.052297815727473385,6.751733248467254
-0.5008650277560263,-0.20061488890620427,-0.8219893169631529,0.15679685484948933
-0.0720791185618801,-0.871551085408443,0.5745411818809303,1.4002749597759108
1.0,0.029792847315309068,0.6813282763139892,6.961650120238593
0.13099947847729143,-0.08954440705930833,-0.40709812796447964,1.2442676071709826
-0.5383104744136511,-1.0,0.3670989263373752,3.160268892443557
0.8937928895854754,0.004317805722360513,-0.10610250198617077,2.9647964719548754
1.0,-1.0,1.0,-9.074689579991709
0.24900128327387416,1.0,-0.8170901540863345,10.356615641137697
0.41039297176430556,-1.0,-0.814406460970676,-10.337051482340268
0.48965501035967685,1.0,0.30284737472689693,6.073677527133663
0.9490587535723871,0.33197942791229207,0.28285284945334577,6.091047898926263
0.05932038266410111,1.0,0.4032293430845777,7.117109883083547
0.10021598318886071,0.7915590167162547,-0.42016369034988577,1.513466740625994
1.0,0.5798447207815163,-0.06880315218953248,6.480277105743379
-1.0,1.0,-0.04610763591386857,8.328907129035919
-0.055001768409116414,-0.9796119746398384,0.24509195671137696,2.7128574294163332
-0.3425572405353121,-1.0,0.857127587925717,-1.9794188368575
0.06418194115462938,0.4916541302065274,-0.7887527343829248,-0.7890103780790199
1.0,-1.0,-1.0,-29.73250763196413
-0.7268584958271174,-1.0,0.9930128623528398,3.234415194449612
1.0,-1.0,-0.1305321595679072,-8.40808478379449
-0.11801476148772894,0.47568045344010357,-0.4160820561694287,0.8123511155391421
0.23166404760909032,1.0,-0.8081654808392316,10.077728188803214
0.33585130354863235,0.9270748920185552,-0.091373801700799,5.507580164658468
-0.3991834819476858,0.3562561374837556,0.34561715429698636,-1.5989087567622229
-0.17476823364429928,1.0,0.5136330073832149,7.187224065467298
-0.8452812594514696,0.6800167899125893,0.45368492137548255,-2.6882611086711035
0.5237018927866881,-0.4708697831783668,0.7445422760065636,0.23389178613918904
0.9603321021799187,1.0,0.5032221528262357,12.48891180785765
0.6648307724195817,-1.0,0.5689579147145734,-1.0862032123462857
-0.6501377851770587,-0.1880983824503244,0.2408062043956165,-0.08820704654724099
0.6779665180433763,-0.1744453695573318,0.5232428955177835,1.8324859682311825
0.68558259727115,-0.21311802813763947,0.09727371005875529,1.5522054575526996
0.37984780065422896,0.19883708439714498,0.8343933399663734,0.2379630019741131
-0.010534534033016296,-0.10417950959959166,-0.6879082997617674,0.796051777775866
-0.1895446881465248,0.22385495006019518,-1.0,-2.2388524917128567
1.0,-1.0,-0.8261737069902471,-18.50493992738585
1.0,-0.6757333630313862,-0.34863547783677484,3.927738054729703
0.601247277535707,-1.0,0.11499514674854328,-0.9346314772476426
0.13646836480774316,1.0,0.7857760370644151,8.606337725391535
-1.0,-0.37637926016152634,-0.4975166892148766,-1.6336988855549617
-0.12817200623770497,0.9135378726227745,0.4733901362788404,4.263579451513065
-0.9231149757685164,-0.518177346138299,-0.6158032376436056,0.45006089116434933
0.362140299389462,0.013955566906384886,0.7508883573879688,0.28600445170765354
0.12326390200308768,-0.6370550357885456,0.47876994498630476,0.837152201840909
0.16444108193758478,-0.920682268849121,-0.26629016655662996,1.8426238934206225
0.8191356063941841,0.251292147421059,0.17290880087377847,2.7464399353624387
-0.2436537554393743,-0.050493274612161354,1.0,1.132160776602464
0.5934741095909508,-0.9543392914603186,0.38297194923362343,-0.44635450529752885
-0.7159409631779099,0.539523186514195,0.1377811785486578,-3.0096614989975508
-0.05377357259680715,0.05497243813593622,0.8504290302984092,0.5616792707846895
-0.44412957332598024,0.7782961975272011,0.3418891825874477,-0.05594438555672329
1.0,-0.2943969080601354,-0.36158502400020187,4.459003216812675
0.07018365970792706,-1.0,-1.0,-16.934272243401622
-0.011168163554527766,-1.0,0.09606136972183266,2.298264649436292
0.330712081596928,-0.29311371830634125,1.0,-1.6884813406355246
0.7972347412721821,0.49551441831729837,-0.45138698171137914,1.1800244919887928
-0.13329704298098144,0.5971713678218509,-1.0,-3.6234560178463022
1.0,-1.0,0.5097899179821843,-7.445742397272278
0.13572042831537234,0.16540170180072455,0.49921764578355954,0.8925447370488506
0.9929218019412345,-0.36341212372494147,0.0013063930838732585,4.485920344335437
0.9747141323653732,0.09721671363545936,0.15461421368122563,4.567915824147119
0.22027153545805533,0.8293190197810458,-0.39321498606901795,3.5626187894692367
-0.22612279290182213,1.0,0.2665503639044222,6.760783354275146
-1.0,0.930181415305241,0.17853057820432383,2.853978501441543
-1.0,0.51419344500287,-0.2789222686904924,-1.4184791786520177
0.034537931863561244,1.0,0.5385602293843383,7.462381964459213
0.6053120833501944,0.2254147312127941,-0.6583444325102308,1.0243656091681057
-0.5188144727487132,-0.28508878118547476,-0.49077677591294533,0.9240940507646896
0.05021330971904048,-0.22253117597213756,-1.0,-3.871417197275804
-0.7927772142871301,-0.08089395219993678,0.38452571741283537,-2.1589159119099386
1.0,-0.3259447166668823,0.2940844633160784,4.969685483372381
0.42182832916148083,-0.051594504735059665,0.09917550601027592,1.38419444387951
-0.301544961070618,1.0,-0.7927292164354847,5.848827843560554
0.22686777225060428,0.4773248140972166,-1.0,-3.4292470752088073
0.509896112406232,0.10377776305912101,-0.36198525647008695,1.154014168034013
0.22447097249228243,-0.3071798465681135,-1.0,-4.342698387706724
0.9234815626448463,-0.4557077687214808,0.6809027285817695,4.01905509004843
0.586333715313605,-0.26266616263207987,-0.47322314217907735,1.8364712796664513
0.20729356178998093,-0.6544054316804273,0.5018168621910151,-0.335003692819424
0.33683368293682414,0.15328826408136798,-0.09475189927516459,1.553325068223314
0.015666405495332603,-0.806943241149118,0.9214459496265832,-2.418030820614226
-0.2129783790487625,-0.44738231254377125,0.6389082406822588,0.6658333319194413
1.0,0.436506757488498,0.5262278067668571,8.938969698323547
-1.0,-0.45154566244497474,1.0,8.25869981862254
-0.007160271751818437,-0.6731119723742931,1.0,-2.5435751093490824
1.0,-0.3847421578432375,1.0,5.661971113602096
0.6544489425210387,0.44582524540561597,0.2987823358440169,2.1268641284017487
-0.393881145062285,-0.16832748738526537,0.45170947856500443,-0.131471167836889
-1.0,1.0,0.276254032068862,4.809282006943504
0.3995793120664459,0.5443095543213334,1.0,3.5138258674462666
0.39517389758613963,-1.0,-0.8759512862587804,-12.911054076849146
-0.44587446993310587,0.5131266057736865,1.0,4.395016132957986
-0.40216817277795136,0.9825780427371178,0.41572095037235557,5.8662735306887
1.0,-0.4938595999488713,-0.35794423975295686,4.180937084288479
-1.0,0.18393320947321246,0.09931064613161222,-4.42333522387473
0.7384636498567381,-0.04535405821140159,1.0,1.398764489403791
-0.04747681637428247,0.1372331180989137,-0.5829724417693594,0.9872269192089034
0.08089081648036212,-0.2602565241547763,1.0,-1.4008514312661533
-1.0,-0.3622224778682017,-0.062028167579049054,-2.861745367919802
-0.33694338661504153,-0.587660414644495,-1.0,-5.0769967900728865
-1.0,0.15934735306394687,-1.0,13.515604456143766
-0.43388719177543655,-0.27005919997707206,-0.6200709510606484,0.575844826495539
0.12767604318580905,-0.0024679076830211866,1.0,-0.4924308149976622
-0.741154779048933,-0.4282111792791017,0.08171681955669285,0.1763944596947655
-0.0634349167947148,0.40331402864849375,-0.20839250749746707,0.2531993113492233
0.40514209977858595,-1.0,-0.015651491438607668,0.4618933654505674
1.0,-0.03218373306888078,0.8651663524379656,10.124239387045135
-0.1773664745742931,-0.05765019885788414,1.0,0.4020449768203841
0.7694223954964912,0.40258179967246877,0.07290598495483747,3.3907932238167824
0.1615074592691388,-1.0,0.1948643621461934,1.8676318791680684
0.5254956860837385,1.0,-0.11527357964410623,8.832463504153223
-1.0,-0.4135950491952034,0.2771020528141268,-2.196349676551608
-1.0,-0.818339806184675,0.3868507640786394,5.598716819956253
-0.577550478360674,-1.0,-0.17878522666356367,4.432748279631925
-0.467139339786111,0.05225475699582116,-0.1263310401129616,-0.8086707799093704
0.47463772505822344,0.7692493688305149,-0.03840158270819982,2.322779551768785
0.8210775027331911,0.49474200721440265,1.0,10.944792394214677
0.8665195554097296,0.12010960641218138,-0.23357740632466695,2.6877906006298486
0.7520867583550623,0.07857489477655899,0.027628165949514782,2.3455771871792437
0.0197517833429095,0.7070138400690773,-0.15143705038661825,1.6503470878530777
-0.29500053035599194,-0.48727202032933836,-1.0,-4.264152257093351
-1.0,-0.007403531209943193,-0.4672296738718822,-1.3080519795277918
0.5869442278305064,-1.0,1.0,-6.467435088710228
-0.5901794090490549,-0.5203755191124808,-1.0,-1.2381704322442166
-0.7158365906095849,0.12972786689064386,1.0,2.2606830224709014
-0.0488149152592352,0.9013118271578657,-0.1550985788197221,3.866236749510357
0.1532199481455374,-0.43719379044103834,-0.36826810383933894,0.9569787177048203
0.09751228216278585,0.6912453988652107,0.5958980055137495,1.7154370473887492
-0.07126146564993618,-1.0,0.7788603439586659,-1.1688137683284987
-0.14880006521318645,0.8166058541074053,0.328688077786752,1.6028496146594913
0.09530097116528613,1.0,0.2047085219176945,7.48085619378387
0.6283805155627193,-1.0,-0.11404717085855198,-1.0774682326000602
0.30665483139075334,0.8916012261640542,0.40678928569173567,3.5935685571552582
1.0,0.6883299811730799,-0.24175247953784984,6.964468038006479
0.8160201213872931,1.0,-0.7729827024779492,17.785238664475862
0.006955106611093331,0.285958039135624,-1.0,-3.489496908900134
0.0677122933646701,0.9514601555720426,0.01984846188860301,5.455068840539229
-0.016099932192162658,-0.18193344097554287,0.6317452690573362,0.09237170685579904
-1.0,0.3896089574420014,-0.6908208343102025,3.4174385401641065
0.28861409455940135,0.561069954086697,-1.0,-3.410915242206137
-0.020527834919286114,1.0,-0.6872698078424013,9.381256583757557
0.4626933621598883,-0.8470206901919319,1.0,-4.314684895069467
0.3882596759287589,-0.3076464772666352,0.32458625918962336,1.3503690380531355
-0.425280371011018,-0.9725736070779902,0.4963936016412598,2.753648968183687
-0.8677198521835217,0.1707198900136644,0.422597719341431,-2.4000709007258596
0.021617235789814115,1.0,0.503714971377319,7.9658627394464805
-1.0,-1.0,-0.7770963947649812,2.393827002322349
0.5801550629437153,-0.9708683392689645,1.0,-5.860555106687025
-0.014872922977570369,0.2483296543547142,-0.08306308318951783,-0.05427658209758329
0.8997052081643511,-1.0,0.8332008600602583,-5.191730733671051
-0.6249624089666863,-1.0,-0.08065533799644564,3.940532880634412
0.099879236095475,1.0,-0.05376510320600203,8.372784390354026
1.0,-0.29064422892396746,-0.11455256899016586,4.392058588234118
-0.39976513439676875,0.0686770102976253,0.7564639192790221,-0.3764658438501459
0.5059151443677699,-0.16964420821236925,0.005451503026834503,1.5799365262686798
-0.4878717992746169,-0.9750970711243834,1.0,-1.7640386093844296
0.37075598598692916,-0.3354456078817716,-0.08755099713391501,1.0188895596248382
-0.8839738707661933,1.0,-1.0,9.666312973779092
0.6168668719638652,0.9369702336130286,-0.5489212221973789,7.171399931272414
0.09017172097576598,1.0,-1.0,4.1124210386157065
-1.0,0.29535383176239405,-0.16063335710791327,-3.493169395029655
-0.37933003625348394,1.0,1.0,14.995822880295801
-0.15961137221238575,-0.2989218306433743,-0.1894463355263296,0.1550029765783505
-0.4906476352793867,0.5235215950445375,-0.4414106995129403,-1.766548230930875
-0.9036909167309193,0.23949734732861794,-0.3442214383743081,-2.1939197773406414
-0.4912795955956917,-0.10639809919791432,0.427241504460214,-0.22017779577611954
0.7553475074040874,0.8589329825646381,0.2749075498978155,3.942723566878895
1.0,0.24745081050169082,-0.9024395445721645,8.832722962296291
-0.5236759623357314,1.0,1.0,16.219349658941134
0.8154216237195375,0.5403872197151114,0.7145785262217903,5.743900077470973
1.0,1.0,-0.8756110063977851,33.17996018446953
-0.8025108202977211,-0.7192263328374513,0.6837568268853869,4.038599802934733
0.9066208360553865,-1.0,-0.29274227162320066,-7.233700819678583
0.767400903583215,1.0,-0.5277427353068407,13.00848930902018
-0.15102568676463668,-1.0,-0.19388750736002525,2.9430796062854636
-0.09205818570452418,-0.2795692178233671,0.60201445106818,0.7857793053135723
0.0063627587891676995,-0.17829837610407528,0.44361416799530495,0.3385918599565803
0.1054090454309935,0.22548511285194683,-0.6316033469959348,0.6442909167115325
0.2622174713510139,-0.7027999344257705,1.0,-3.4046921533847483
0.219239679392786,-0.23854657320113537,0.4588153430592026,-0.20756113366118312
-0.09455663562081074,-0.5969412495337876,0.43257347291670456,-0.2858542210918692
0.12701354515676733,-0.1970267953279652,-0.5830596488669602,1.4094695419354877
0.2114392283706814,-1.0,0.15416201757410541,1.7494445400869216
1.0,0.6208967220403834,-1.0,14.244941624210432
-0.7046620510974348,0.014728795740317269,-1.0,2.330248524285932
0.11592061676821808,0.03175599425119646,-0.21385899499017147,1.315736284099215
0.5095350006031771,0.4354929771984586,-0.08713674088515844,1.5140062761199369
-0.8062966248773911,1.0,0.04856943277496306,3.939838789693935
1.0,1.0,-0.9095053105544215,34.99461787713556
-0.06503468517312072,0.07216417017987764,0.21394133207570953,0.24835568382388107
0.19699286905960944,-0.2431356324372025,0.7794423473165986,-1.2472788447732432
0.15739589163865042,0.858038733460756,-0.8133752771770615,2.647820820591273
-0.4974744929012802,-0.5855544987914192,-0.8510939884765072,-1.1967694826936728
1.0,0.053375245097001756,-0.8886196965528412,8.53015497278519
-0.4367894232421361,1.0,-0.03060538182732686,5.989080960670185
0.35025135174752564,-0.8176770494319932,0.45000519709778386,0.6135940909349281
-1.0,0.25278275575515563,0.7866916105988591,-3.5845915497135623
-1.0,0.971350115175238,-0.42014782972562537,10.627866682181587
-0.6608589218826644,-0.1714390673890458,-0.5937648463130225,0.6824209993464289
-0.5218392629469852,-0.45063707690630217,1.0,0.929044444466832
-0.11725324879865906,-1.0,0.34583414117687905,2.149487447862153
-0.48246192455366566,0.25692557358090395,0.12982626686563403,-1.5378062866332902
-0.5047387022201082,1.0,-0.21055007979996043,6.170188372897957
0.2727749628592535,-0.5364888575669364,-0.6477710735380082,0.8311188040372509
-1.0,0.7544473239103584,-0.7718937001653521,9.718780979783212
1.0,1.0,-0.6928225862570514,26.0768643544384
-0.03941270914103501,1.0,-0.21141582692151917,8.412910108313671
-0.6001196547822725,0.7541180348225096,-0.7826855677363955,-1.8485144572953183
-0.4264841353382247,-1.0,0.429367198802433,3.14795671263013
0.6644401831625038,-0.13762013900861358,-1.0,-2.5110555383686277
-0.17870085136565117,1.0,-0.05086187348932092,6.971304952740171
-0.14020213845004115,0.36640389075382807,-1.0,-2.6054384995531463
-1.0,-1.0,0.5495217324366304,12.726297860943056
0.1540586963752666,-1.0,-0.44057486105590815,0.8578895397436271
1.0,-0.9615207119001166,0.7880787703387186,-4.126240102887804
-1.0,-0.27082225247478675,-1.0,6.412366322866944
-0.6288005142987316,0.7602207703749044,0.32866413476554235,-1.0620472856257652
0.927846780814567,0.3398585856122833,0.7829075149778584,9.04155455962865
0.6467454384816476,0.10960675558290855,0.4577903179952645,2.7323336888522505
0.34722100281813373,-0.10400484020628831,0.4360303957191227,1.1582951096605698
-0.8220982131821781,-1.0,-0.32020458541674546,5.621894121007633
1.0,-1.0,0.5108722914168553,-7.165779683542679
-1.0,-1.0,-0.4736253791105065,5.1679003588848875
1.0,1.0,-0.173940532162576,15.353842372199558
-0.2622724981897653,-0.24220276663271423,0.563542633514043,0.828688872113917
1.0,0.4258606278951931,-1.0,11.748509313768809
0.5343003915775681,-0.32009913121654043,0.7625112433760133,0.07312010022218562
-1.0,0.639434419018273,0.7645098354105608,-1.9076135134500825
-0.11294389810141081,0.08482926485531528,-0.13740504095581008,0.09274162118313656
-0.9053531675873601,1.0,0.9126855088781345,8.445651690814367
-0.2022778289966567,0.8338162297965723,-1.0,-3.4476807814091965
0.4663375382694792,0.03242697754981716,-1.0,-2.874944659565276
-0.731269335935951,-1.0,0.657144897703769,5.927660134354365
1.0,-0.7467859854656187,0.28233016423185453,2.169690454929349
0.4550617648672035,0.37115103567275476,-0.8038957603989552,0.24166413505619708
0.2652764233710263,-0.5538326601480954,1.0,-2.5610126051592474
0.012901844472405832,0.8801561172568377,-0.4411011938893985,4.032931889751347
-0.5321290100105429,-0.8766477890691984,0.4723889586820962,1.7558702347274118
-0.6573213602339432,1.0,-0.3343750972747397,5.41527491398888
0.8422255027729433,0.18532917870643573,1.0,7.159133546561412
