degree,family,alpha,l1_ratio,mean_train_mse,mean_validation_mse,eligible,failed_folds
1,ridge,0.0001,0.0,9.087375849739756,9.259487143826773,True,0
1,ridge,0.001,0.0,9.08737584974353,9.259486891076863,True,0
1,ridge,0.01,0.0,9.087375850120942,9.25948436083454,True,0
1,ridge,0.1,0.0,9.08737588784698,9.25945910117189,True,0
1,ridge,1.0,0.0,9.087379645478686,9.25921070827948,True,0
1,ridge,10.0,0.0,9.087740972814101,9.257130013421042,True,0
1,ridge,100.0,0.0,9.113380301322948,9.2642113093463,True,0
1,ridge,1000.0,0.0,9.564651483505564,9.663931631779256,True,0
1,lasso,1.0,1.0,10.51043663448611,10.57734205485803,True,0
1,lasso,0.1,1.0,9.148521862315771,9.300310718713858,True,0
1,lasso,0.01,1.0,9.08812666523591,9.25916440202498,True,0
1,lasso,0.001,1.0,9.087383975437175,9.259417299969282,True,0
1,elastic_net,1.0,0.2,9.612004593936552,9.713037389605638,True,0
1,elastic_net,0.1,0.2,9.10594695209663,9.262230153263456,True,0
1,elastic_net,0.01,0.2,9.087606669306576,9.258024578441367,True,0
1,elastic_net,0.001,0.2,9.087378258336313,9.259329696065386,True,0
1,elastic_net,1.0,0.5,9.957989227802775,10.058260755151496,True,0
1,elastic_net,0.1,0.5,9.117571826529625,9.271890611811791,True,0
1,elastic_net,0.01,0.5,9.087759372056292,9.25840245946246,True,0
1,elastic_net,0.001,0.5,9.087379967635579,9.25937233998479,True,0
1,elastic_net,1.0,0.8,10.31205840049473,10.413517830031772,True,0
1,elastic_net,0.1,0.8,9.13404961617159,9.286927831806409,True,0
1,elastic_net,0.01,0.8,9.087969857890641,9.258928908554365,True,0
1,elastic_net,0.001,0.8,9.087382179115387,9.259400477480325,True,0
2,ridge,0.0001,0.0,2.991850739047372,3.3300067351897256,True,0
2,ridge,0.001,0.0,2.9918507390796987,3.330006159331005,True,0
2,ridge,0.01,0.0,2.991850742312156,3.3300004070634714,True,0
2,ridge,0.1,0.0,2.9918510653363484,3.329943247363048,True,0
2,ridge,1.0,0.0,2.9918831476473344,3.3294076590393478,True,0
2,ridge,10.0,0.0,2.994885036484044,3.327377412716005,True,0
2,ridge,100.0,0.0,3.171825011337671,3.482301388475294,True,0
2,ridge,1000.0,0.0,5.381314533066575,5.606218438424388,True,0
2,lasso,1.0,1.0,8.801508578869282,8.943030254869894,True,0
2,lasso,0.1,1.0,3.2073896831978654,3.458952466850773,True,0
2,lasso,0.01,1.0,2.996031477364306,3.3221363797273455,True,0
2,lasso,0.001,1.0,2.991894253939204,3.3287993459772047,True,0
2,elastic_net,1.0,0.2,5.336133538421914,5.560272137441704,True,0
2,elastic_net,0.1,0.2,3.098274066219895,3.4056105911320653,True,0
2,elastic_net,0.01,0.2,2.993391757262126,3.3259868701865343,True,0
2,elastic_net,0.001,0.2,2.9918666776316383,3.329434550048846,True,0
2,elastic_net,1.0,0.5,6.422210657775232,6.577350716195364,True,0
2,elastic_net,0.1,0.5,3.1290501679757963,3.4139693654702654,True,0
2,elastic_net,0.01,0.5,2.9940293379736125,3.32417442165703,True,0
2,elastic_net,0.001,0.5,2.9918729633159358,3.3291922328148296,True,0
2,elastic_net,1.0,0.8,7.784001559490053,7.9382403452849095,True,0
2,elastic_net,0.1,0.8,3.171531702038237,3.4339514005594034,True,0
2,elastic_net,0.01,0.8,2.9951009667656994,3.3227678290986553,True,0
2,elastic_net,0.001,0.8,2.991884111004699,3.328954849485106,True,0
3,ridge,0.0001,0.0,0.774865372983058,1.1085304490017867,True,0
3,ridge,0.001,0.0,0.7748653732203089,1.1085268206102732,True,0
3,ridge,0.01,0.0,0.774865396924011,1.1084905870293988,True,0
3,ridge,0.1,0.0,0.7748677461245655,1.1081329730561678,True,0
3,ridge,1.0,0.0,0.7750833792716098,1.1049912973774123,True,0
3,ridge,10.0,0.0,0.7870167910306466,1.0975524910562144,True,0
3,ridge,100.0,0.0,1.0619472105812526,1.3859257542301477,True,0
3,ridge,1000.0,0.0,3.4060119768142787,3.746408229828939,True,0
3,lasso,1.0,1.0,8.361500975652506,8.547056489449353,True,0
3,lasso,0.1,1.0,1.2622209665827127,1.4419361913976514,True,0
3,lasso,0.01,1.0,0.8090840044619969,1.0733105520720556,True,0
3,lasso,0.001,1.0,0.7755374430913223,1.0970381390936585,True,0
3,elastic_net,1.0,0.2,3.588398034349909,3.8596227755369004,True,0
3,elastic_net,0.1,0.2,1.005621855682583,1.2707625805093554,True,0
3,elastic_net,0.01,0.2,0.7844047873221883,1.087095472615163,True,0
3,elastic_net,0.001,0.2,0.7750228941803359,1.104077196289586,True,0
3,elastic_net,1.0,0.5,4.943884976827075,5.107897217422935,True,0
3,elastic_net,0.1,0.5,1.1037618882500824,1.3125977062629903,True,0
3,elastic_net,0.01,0.5,0.7918056503578196,1.0770417515584854,True,0
3,elastic_net,0.001,0.5,0.7751766933461989,1.10112924971055,True,0
3,elastic_net,1.0,0.8,6.752861736035883,6.910582803226217,True,0
3,elastic_net,0.1,0.8,1.194328882432347,1.3765250610108992,True,0
3,elastic_net,0.01,0.8,0.801395845499553,1.0731179763252987,True,0
3,elastic_net,0.001,0.8,0.7753764106785644,1.0985827964663828,True,0
4,ridge,0.0001,0.0,0.34754246133111116,0.8705697568450658,True,0
4,ridge,0.001,0.0,0.3475424627384384,0.8705298546519136,True,0
4,ridge,0.01,0.0,0.34754260295629696,0.8701322920526247,True,0
4,ridge,0.1,0.0,0.3475561293565795,0.8662965657014575,True,0
4,ridge,1.0,0.0,0.3485529278882158,0.8380828903066838,True,0
4,ridge,10.0,0.0,0.3744383320585621,0.7837455945099552,True,0
4,ridge,100.0,0.0,0.5980484106888659,0.998422555111865,True,0
4,ridge,1000.0,0.0,1.8539753800613783,2.2724674381085843,True,0
4,lasso,1.0,1.0,8.147774398536223,8.355317283847457,True,0
4,lasso,0.1,1.0,0.9875131513038519,1.1898322614476868,True,0
4,lasso,0.01,1.0,0.43213682511223855,0.6850510023261452,True,0
4,lasso,0.001,1.0,0.3529178317086939,0.7622892803009976,True,0
4,elastic_net,1.0,0.2,2.6133873501229585,2.8606682909699885,True,0
4,elastic_net,0.1,0.2,0.6215419049536275,0.8959679402968126,True,0
4,elastic_net,0.01,0.2,0.3766452159328635,0.7290461183159228,True,0
4,elastic_net,0.001,0.2,0.34856719192446683,0.8250422395937519,True,0
4,elastic_net,1.0,0.5,4.314804357218165,4.500667168784537,True,0
4,elastic_net,0.1,0.5,0.7509495273966881,0.97274140326346,True,0
4,elastic_net,0.01,0.5,0.3983435065690717,0.6954457061443504,True,0
4,elastic_net,0.001,0.5,0.34988815161741105,0.7969609838038775,True,0
4,elastic_net,1.0,0.8,6.471043198785793,6.655599112155783,True,0
4,elastic_net,0.1,0.8,0.8851821414442785,1.0848728708374233,True,0
4,elastic_net,0.01,0.8,0.41954780314651535,0.6876643051936647,True,0
4,elastic_net,0.001,0.8,0.3515767172905176,0.7754975898047597,True,0
5,ridge,0.0001,0.0,0.07027252289968101,2.134931126034202,True,0
5,ridge,0.001,0.0,0.07027299144580379,2.1242768049683742,True,0
5,ridge,0.01,0.0,0.07031319705873812,2.0273592833885163,True,0
5,ridge,0.1,0.0,0.07187906439848962,1.5131901542840775,True,0
5,ridge,1.0,0.0,0.08564895619817832,0.767098598116887,True,0
5,ridge,10.0,0.0,0.13604272786506377,0.5170663561683128,True,0
5,ridge,100.0,0.0,0.31847569517200025,0.6784146341701035,True,0
5,ridge,1000.0,0.0,1.2282395633541106,1.69203302859892,True,0
5,lasso,1.0,1.0,7.963452295900527,8.15917071890452,True,0
5,lasso,0.1,1.0,0.7499527047558127,0.916207701993787,True,0
5,lasso,0.01,1.0,0.20616456302481456,0.33602651746198703,True,0
5,lasso,0.001,1.0,0.11420061804877069,0.46458767422071906,True,0
5,elastic_net,1.0,0.2,2.1855101732409943,2.452530318539937,True,0
5,elastic_net,0.1,0.2,0.3719624099948888,0.587912558889977,True,0
5,elastic_net,0.01,0.2,0.15416652758056418,0.4006135830307185,True,0
5,elastic_net,0.001,0.2,0.08777623218986304,0.7178315794524429,True,0
5,elastic_net,1.0,0.5,4.018026053741161,4.23505638505956,True,0
5,elastic_net,0.1,0.5,0.501934029691784,0.6716787466608031,True,0
5,elastic_net,0.01,0.5,0.17998919950892658,0.35135975064946406,True,0
5,elastic_net,0.001,0.5,0.09803326440684106,0.5827093879310101,True,0
5,elastic_net,1.0,0.8,6.2170426182509475,6.408597954692117,True,0
5,elastic_net,0.1,0.8,0.6503499232834732,0.8154713718117831,True,0
5,elastic_net,0.01,0.8,0.1967933598312479,0.33779594298550064,True,0
5,elastic_net,0.001,0.8,0.10823717100867729,0.4988576897004707,True,0
6,ridge,0.0001,0.0,1.4454339521341297e-06,14.187661506702383,True,0
6,ridge,0.001,0.0,3.503184508214032e-05,12.20356763720826,True,0
6,ridge,0.01,0.0,0.0006946137828972232,8.153943515424514,True,0
6,ridge,0.1,0.0,0.0067310295281374916,3.767281957918017,True,0
6,ridge,1.0,0.0,0.029444351329256418,1.432178361619604,True,0
6,ridge,10.0,0.0,0.08791475853050369,0.7511056306050264,True,0
6,ridge,100.0,0.0,0.2475812161668761,0.7106773190276464,True,0
6,ridge,1000.0,0.0,0.8884976998115214,1.4064983958671353,True,0
6,lasso,1.0,1.0,7.957423527069686,8.164381871851747,True,0
6,lasso,0.1,1.0,0.7458986863155154,0.9430830393739456,True,0
6,lasso,0.01,1.0,0.19279443074976413,0.34131272709096105,True,0
6,lasso,0.001,1.0,0.07449198902053213,0.5690366389743075,True,0
6,elastic_net,1.0,0.2,2.0199208311631573,2.2916854750517786,True,0
6,elastic_net,0.1,0.2,0.34014042974986247,0.5634288183138735,True,0
6,elastic_net,0.01,0.2,0.12359870128543653,0.4350730110290462,True,0
6,elastic_net,0.001,0.2,,,False,1
6,elastic_net,1.0,0.5,3.9338889573351654,4.170276668443054,True,0
6,elastic_net,0.1,0.5,0.48082734798710897,0.6676282191353762,True,0
6,elastic_net,0.01,0.5,0.16034897321413946,0.36433947500963115,True,0
6,elastic_net,0.001,0.5,0.05200980730583249,0.8004550372575886,True,0
6,elastic_net,1.0,0.8,6.1879153483027975,6.404982176772066,True,0
6,elastic_net,0.1,0.8,0.6428235614889225,0.8325061699375528,True,0
6,elastic_net,0.01,0.8,0.1814386843970368,0.3429640448935987,True,0
6,elastic_net,0.001,0.8,0.06606204217980233,0.6340850162685588,True,0
7,ridge,0.0001,0.0,1.0490453413606816e-08,3.681030709538138,True,0
7,ridge,0.001,0.0,7.985749479419324e-07,3.624357678646088,True,0
7,ridge,0.01,0.0,2.735164703328248e-05,3.4376341553599032,True,0
7,ridge,0.1,0.0,0.000793876227138621,2.936590750236389,True,0
7,ridge,1.0,0.0,0.010555504139188201,1.7392558729223389,True,0
7,ridge,10.0,0.0,0.05500421026516173,0.8538769629776036,True,0
7,ridge,100.0,0.0,0.18831738390053965,0.6714745654918376,True,0
7,ridge,1000.0,0.0,0.7086452357103781,1.2200221474579926,True,0
7,lasso,1.0,1.0,7.904200075941136,8.122456807668376,True,0
7,lasso,0.1,1.0,0.7203916504438133,0.9144011179128079,True,0
7,lasso,0.01,1.0,0.18078668410873058,0.3475643258765974,True,0
7,lasso,0.001,1.0,,,False,3
7,elastic_net,1.0,0.2,1.9248369293614385,2.211656651143145,True,0
7,elastic_net,0.1,0.2,0.30523030075022484,0.5123542842383552,True,0
7,elastic_net,0.01,0.2,0.10115299121894102,0.48309826317397153,True,0
7,elastic_net,0.001,0.2,,,False,3
7,elastic_net,1.0,0.5,3.8739458451074853,4.129442773445546,True,0
7,elastic_net,0.1,0.5,0.4522111845835222,0.6294784267693161,True,0
7,elastic_net,0.01,0.5,0.14311411198710292,0.3777550664962804,True,0
7,elastic_net,0.001,0.5,,,False,3
7,elastic_net,1.0,0.8,6.135210838414433,6.3750125795577075,True,0
7,elastic_net,0.1,0.8,0.6146411561810655,0.8014065183745561,True,0
7,elastic_net,0.01,0.8,0.16765634036409938,0.3503010320585462,True,0
7,elastic_net,0.001,0.8,,,False,2
8,ridge,0.0001,0.0,9.051919197976453e-10,2.7783643936917266,True,0
8,ridge,0.001,0.0,8.519046973992352e-08,2.769997722044724,True,0
8,ridge,0.01,0.0,5.582673252905187e-06,2.7137250090350853,True,0
8,ridge,0.1,0.0,0.00022065815719016042,2.5000624836624628,True,0
8,ridge,1.0,0.0,0.004670303271134339,1.9113985465763905,True,0
8,ridge,10.0,0.0,0.036707808435277434,1.165161585346573,True,0
8,ridge,100.0,0.0,0.15774145447601576,0.7877567832718467,True,0
8,ridge,1000.0,0.0,0.5917146681599345,1.1774575333152162,True,0
8,lasso,1.0,1.0,7.904344262551327,8.126098242135512,True,0
8,lasso,0.1,1.0,0.7182674271153516,0.9198477614586235,True,0
8,lasso,0.01,1.0,0.17501246721230637,0.3531572026409155,True,0
8,lasso,0.001,1.0,,,False,2
8,elastic_net,1.0,0.2,1.8881897322131014,2.1888477731976206,True,0
8,elastic_net,0.1,0.2,0.29785293632551113,0.5167617034874308,True,0
8,elastic_net,0.01,0.2,,,False,1
8,elastic_net,0.001,0.2,,,False,3
8,elastic_net,1.0,0.5,3.8579163125077787,4.131212210581012,True,0
8,elastic_net,0.1,0.5,0.45013475892908833,0.6396655660461851,True,0
8,elastic_net,0.01,0.5,0.1344173016995083,0.3832871698633494,True,0
8,elastic_net,0.001,0.5,,,False,3
8,elastic_net,1.0,0.8,6.13180912852022,6.380383713264181,True,0
8,elastic_net,0.1,0.8,0.6117959047074736,0.808517912740624,True,0
8,elastic_net,0.01,0.8,0.1610560253618055,0.35451727033799685,True,0
8,elastic_net,0.001,0.8,,,False,3
9,ridge,0.0001,0.0,2.0358121169079876e-10,2.9715929217055286,True,0
9,ridge,0.001,0.0,2.0065183332564776e-08,2.96914229455914,True,0
9,ridge,0.01,0.0,1.7712999293824584e-06,2.947261068141063,True,0
9,ridge,0.1,0.0,0.0001020141804877962,2.8090245129470524,True,0
9,ridge,1.0,0.0,0.002637746563480568,2.2841766586109045,True,0
9,ridge,10.0,0.0,0.025529086019344005,1.4467809839043415,True,0
9,ridge,100.0,0.0,0.13092714604485356,0.8662976476569182,True,0
9,ridge,1000.0,0.0,0.5230875004599992,1.140514043876211,True,0
9,lasso,1.0,1.0,7.8863657980678745,8.1069142729173,True,0
9,lasso,0.1,1.0,0.7127018423042215,0.9151276513350437,True,0
9,lasso,0.01,1.0,,,False,1
9,lasso,0.001,1.0,,,False,3
9,elastic_net,1.0,0.2,1.8620611748216336,2.163467501287227,True,0
9,elastic_net,0.1,0.2,0.29237976523348297,0.5156197453001469,True,0
9,elastic_net,0.01,0.2,,,False,3
9,elastic_net,0.001,0.2,,,False,3
9,elastic_net,1.0,0.5,3.8366017115723374,4.106716347222288,True,0
9,elastic_net,0.1,0.5,0.4454592402754299,0.6341964140582231,True,0
9,elastic_net,0.01,0.5,,,False,2
9,elastic_net,0.001,0.5,,,False,3
9,elastic_net,1.0,0.8,6.111532065128626,6.359267371400098,True,0
9,elastic_net,0.1,0.8,0.6051201779510977,0.8025574485144574,True,0
9,elastic_net,0.01,0.8,0.15572369246101603,0.3665853129419611,True,0
9,elastic_net,0.001,0.8,,,False,3
10,ridge,0.0001,0.0,9.404722250132897e-11,3.0214382057043667,True,0
10,ridge,0.001,0.0,9.358977361834524e-09,3.0198094270505575,True,0
10,ridge,0.01,0.0,8.933468091329328e-07,3.0042603552600067,True,0
10,ridge,0.1,0.0,6.380460119883597e-05,2.890344574863093,True,0
10,ridge,1.0,0.0,0.00183950393248286,2.4696531214157735,True,0
10,ridge,10.0,0.0,0.019178142932308743,1.751225944054471,True,0
10,ridge,100.0,0.0,0.11230725872208523,1.047989849008694,True,0
10,ridge,1000.0,0.0,0.464564220597338,1.1541809995555288,True,0
10,lasso,1.0,1.0,7.886366662433072,8.106915996315792,True,0
10,lasso,0.1,1.0,0.7122881085302515,0.916931435756639,True,0
10,lasso,0.01,1.0,0.16822817011798172,0.3680970916603404,True,0
10,lasso,0.001,1.0,,,False,3
10,elastic_net,1.0,0.2,1.8487635475785733,2.1605359562015773,True,0
10,elastic_net,0.1,0.2,0.2889682837588837,0.5205246590769027,True,0
10,elastic_net,0.01,0.2,,,False,2
10,elastic_net,0.001,0.2,,,False,3
10,elastic_net,1.0,0.5,3.8342586607353124,4.112661534651118,True,0
10,elastic_net,0.1,0.5,0.4444753189489135,0.6392369429774543,True,0
10,elastic_net,0.01,0.5,0.122312425786797,0.4104780471256024,True,0
10,elastic_net,0.001,0.5,,,False,3
10,elastic_net,1.0,0.8,6.111483356478172,6.362445690469966,True,0
10,elastic_net,0.1,0.8,0.6037614853637867,0.8051778885444744,True,0
10,elastic_net,0.01,0.8,0.1522668259692277,0.37216561451101704,True,0
10,elastic_net,0.001,0.8,,,False,3
