row,actual,predicted
9,-0.6294851852283316,-0.9084046393928156
11,0.562672640214917,0.782236639009982
14,5.440513757550932,5.109667572200722
15,-3.7583946821087575,-3.7352394819324046
24,14.387854216612594,13.85520287248225
26,-0.1318729326586034,-0.14557526591191738
34,5.163916353119021,5.272066465662082
35,6.961347760092126,7.404434696486847
41,-0.0681338580310624,0.1162619139235721
49,0.525837666575705,0.4374476484343919
52,-0.9450063273829754,-1.013428928879772
57,3.574544568792183,4.051011096785551
63,10.889744331338788,11.018368512897467
71,2.0657076686405684,2.014563127569866
92,3.572092431846877,3.835186251766515
94,0.2548609024629613,0.7337293517657106
97,-2.06426315568069,-1.3441952585710264
104,6.618028865577109,6.66014298481517
107,8.194082250016313,8.152241152622622
119,-0.7460473999383038,-0.26484073304594746
128,9.47419952163412,9.031899976381597
134,1.5182130101205398,1.2871425963768477
142,3.902931906670359,3.2079853116975796
143,8.337941721353062,8.953311780619158
145,-0.3753871003197233,-0.9992637465559775
148,1.1561159361679865,1.2099691666974868
154,-3.23130787152681,-3.106612076585838
156,-9.932813024121447,-9.853329001776316
161,-15.085555765846006,-15.613503977643438
165,2.328714297710904,1.9150937899396507
168,-1.0025551974080018,-0.46115711022253825
170,6.698451501520461,7.225541484262672
178,26.33278527856177,25.878686790478792
180,-5.690166428999067,-6.404261819017938
185,-11.848526443264838,-12.009862661034699
188,1.1974264463436133,1.9983422004920137
191,0.622120457836239,0.9412989647338375
195,11.103454534669345,11.580609566906412
197,5.014097688529869,4.733514103303991
199,-1.925768980718408,-1.9082369923269455
200,-2.4175173153845844,-1.999377214968431
202,17.21664923856207,16.98033232774009
209,15.486100812113724,15.943855115363503
212,14.00133088090108,13.677422521703646
218,0.4786294798864339,0.7868741510559496
227,4.0513197618209125,4.146560305284213
234,0.749835894181985,1.2001262072793106
236,1.0852101694233471,1.3786151444222994
243,1.2554294551921952,1.1159093702752976
245,1.981292781424412,1.0227688483283455
246,2.142558231695296,1.7971138964805022
263,11.576723219742918,10.602368292350237
264,-3.4953358388493725,-2.9412499636022544
269,6.931234399729835,7.299414790760924
279,-3.3122414763845933,-2.7887717658339004
285,9.303803025565191,10.264421792292513
289,-2.0441095333886063,-1.8260634944781002
290,-0.5746055218818611,0.18842918101242168
291,1.4607847465749972,0.9592699222865821
292,0.668200278635986,0.9159418828371635
299,8.705000841554886,8.716915884680425
300,4.007169601466411,4.718252547621406
302,6.636421940213264,6.354326235030516
306,0.0592729411757227,-0.5057603427644484
307,11.311831143846485,9.847870488529585
317,0.9316297424819188,0.7937089532947919
329,12.644776217878409,12.317708012749266
341,2.8169690034822343,2.6417646751125647
345,8.584612116121095,7.784518087160658
349,-3.208900179394238,-2.797533983746725
351,-7.804238173921153,-8.30900761895487
359,0.4312106590005871,0.14099985425711115
364,3.523075743803856,2.9743144673912045
373,-2.3633326581630896,-2.255681356193415
376,-1.907846457884156,-2.1203771154321056
377,-3.3048097464678987,-2.9146306727538556
378,5.890190389586069,5.744188410112625
379,1.4099903096251327,1.3526456744637085
381,-5.212775143265314,-4.051512910725581
384,-3.1708838364131204,-3.560793659547921
387,-4.453276448853443,-4.331801674509936
388,1.3145403901690558,1.3924013237244202
389,17.71494410072504,17.9020152619376
403,-0.6472336392641906,-0.8058625997863182
407,-7.099076932699133,-7.704731010897978
409,0.4102630107270368,-0.5734571264588677
412,1.0854868127580093,0.9944206272443374
415,-0.1693402459249618,-0.6049401690683682
423,-30.420024111089813,-29.02228277556135
426,8.972777677479886,10.313134165804453
430,2.100310182277204,1.3098554745103506
433,7.33640789995262,7.302111929197833
435,-7.879668155866288,-7.032033904666653
436,-1.91464034797123,-1.6599227642682255
441,-1.4268487642366838,-2.146000602781681
454,0.7263510541633146,0.5751934856312517
455,12.903584121682089,12.870827325566466
457,7.7341625190487475,8.438100202270114
470,24.519568930067138,24.733034164283644
474,-7.075050362299037,-6.958679909126461
477,4.132630958848227,4.342829463258157
484,4.078685209998891,4.264895320514745
487,-3.826578416190002,-3.367406254740612
494,-3.380770537284798,-2.899107912355254
501,5.87622685986014,5.099127310120576
506,17.527062483438932,15.101585318782098
507,2.119174881543818,1.925436845802373
512,20.801708148384005,21.613373830593325
533,1.3551596312174043,0.7632303721994522
538,-10.74354826382799,-11.215300673353974
545,3.768410144831789,3.5461033177990053
556,3.59210929292657,4.247083357700232
569,-1.1521089687894828,-0.11636851026694872
576,22.450560666994143,21.613373830593325
577,8.014325300952356,7.81414122950431
582,6.592140537395969,6.122668249647001
588,3.1552249041962988,3.272586280450825
591,0.9005327073958543,0.45970383965001216
593,19.062949971203057,18.585809142775503
609,3.7607192026989287,3.9408940632612555
613,-1.282308094209928,-1.666813853801881
614,3.743358231297441,4.671749046616435
619,-0.3882843215175168,0.35740276293235196
622,2.8788747295087878,2.7962505092367254
624,4.33588130003597,4.612351644408209
625,-0.2877868890463215,0.5844436108735525
626,1.0087107176973251,0.5185029999725153
631,1.48633388207367,1.2518201794392625
643,1.3473847886889203,1.0829643840606302
645,5.709029300806792,5.119621404306999
649,-2.9972257184159328,-1.9710813775596026
650,5.738427561074904,5.992646976257392
656,1.679054206527477,1.3894202261429816
659,8.35888210813936,8.855485860920076
660,1.8802655949819127,1.5627437300601812
667,-0.5378199807260302,-0.9971987203814296
678,0.0599639404882043,-0.5461760907501008
682,2.936166090768272,3.4709546199948393
683,3.738196672775622,4.294618742494854
684,8.70217492947022,9.157591112938787
686,0.7327540573897889,1.8181107742414837
691,0.720346927031306,0.5277445658419655
692,4.667773175790254,5.3486141570018475
697,-3.660072635566041,-2.8548130378005356
710,-0.3714834210809755,0.7362907814902204
713,12.209249232962856,12.493689494524764
715,0.3085319883114074,0.2617462725234727
723,4.262907922636732,3.9471232909520957
724,22.08693423425181,21.613373830593325
725,13.701304155029565,13.662690962264895
726,0.6121604898374771,0.9414060889174436
730,18.40662214677792,16.96750826218856
742,-0.2366944164266213,1.051679395554723
752,3.260943133628233,3.642269201045823
753,3.560085549800077,3.690553639594209
780,0.8123511155391421,-0.05014870551921424
785,-2.6882611086711035,-3.1724628176419363
787,12.48891180785765,12.275197169976254
792,0.2379630019741131,0.806962998282919
799,-1.6336988855549617,-1.3769175803572473
824,-1.4184791786520177,-1.2427761656317267
825,7.462381964459213,7.9139683266816
830,4.969685483372381,4.825701569095289
840,-2.418030820614226,-2.2990392202419234
841,0.6658333319194413,0.17107306826046176
844,-2.5435751093490824,-2.3533489734865003
854,-4.42333522387473,-4.685961363497928
858,-2.861745367919802,-2.623181379283024
859,-5.076996790072887,-5.104399855532819
860,13.515604456143766,12.632205627115173
863,0.1763944596947655,0.335435032412047
870,8.832463504153223,8.500200794184382
880,-4.264152257093351,-4.404865635846383
884,2.2606830224709014,2.3402806645362055
885,3.866236749510357,4.047750333348339
890,7.48085619378387,7.62097727818418
892,3.5935685571552582,3.907102760408601
896,5.455068840539229,5.748524732442434
898,3.4174385401641065,3.3401202988080008
907,-5.860555106687025,-6.320701832194917
927,8.832722962296291,9.150453448939802
929,5.743900077470973,6.221503246945646
930,33.17996018446953,33.44610354007358
931,4.038599802934733,4.215511862943812
932,-7.233700819678583,-6.785022582639815
935,0.7857793053135723,0.2138109044223162
939,-0.2075611336611831,0.6616017969697046
945,1.315736284099215,0.9707709042516446
949,0.248355683823881,0.41231336248109884
954,5.989080960670185,6.358207820327454
955,0.6135940909349281,0.6138267138204361
956,-3.5845915497135623,-2.387793980160185
963,0.8311188040372509,0.5053315116344594
966,8.412910108313671,8.659961593655828
968,3.14795671263013,2.908482128339167
972,12.726297860943056,12.786010964712585
975,6.412366322866944,8.081210385822152
976,-1.0620472856257652,-1.2785714028990856
981,-7.165779683542679,-6.80480958288919
985,11.748509313768809,11.895389456970749
996,4.032931889751347,3.9646113777641725
